0 verbose cli C:\Program Files\nodejs\node.exe C:\Program Files\nodejs\node_modules\npm\bin\npm-cli.js
1 info using npm@11.13.0
2 info using node@v26.2.0
3 silly config load:file:C:\Program Files\nodejs\node_modules\npm\npmrc
4 silly config load:file:D:\Project\manychatbot-ai-platform\.npmrc
5 silly config load:file:C:\Users\Haiphee\.npmrc
6 silly config load:file:C:\Users\Haiphee\AppData\Roaming\npm\etc\npmrc
7 verbose title npm install
8 verbose argv "install" "--ignore-scripts" "--no-audit" "--no-fund" "--prefer-offline"
9 verbose logfile logs-max:10 dir:D:\Project\manychatbot-ai-platform\.sites-runtime\npm-cache\_logs\2026-09-13T05_23_31_269Z-
10 verbose logfile D:\Project\manychatbot-ai-platform\.sites-runtime\npm-cache\_logs\2026-09-13T05_23_31_269Z-debug-0.log
11 silly logfile start cleaning logs, removing 1 files
12 silly packumentCache heap:4395630592 maxSize:1098907648 maxEntrySize:549453824
13 silly logfile done cleaning log files
14 silly idealTree buildDeps
15 silly reify mark retired [ 'D:\\Project\\manychatbot-ai-platform\\node_modules\\ajv' ]
16 silly reify mark retired [ 'D:\\Project\\manychatbot-ai-platform\\node_modules\\aria-hidden' ]
17 silly reify mark retired [ 'D:\\Project\\manychatbot-ai-platform\\node_modules\\aria-query' ]
18 silly reify mark retired [
18 silly reify   'D:\\Project\\manychatbot-ai-platform\\node_modules\\axobject-query'
18 silly reify ]
19 silly reify mark retired [ 'D:\\Project\\manychatbot-ai-platform\\node_modules\\caniuse-lite' ]
20 silly reify mark retired [ 'D:\\Project\\manychatbot-ai-platform\\node_modules\\blake3-wasm' ]
21 silly reify mark retired [ 'D:\\Project\\manychatbot-ai-platform\\node_modules\\cross-env' ]
22 silly reify mark retired [ 'D:\\Project\\manychatbot-ai-platform\\node_modules\\d3-array' ]
23 silly reify mark retired [ 'D:\\Project\\manychatbot-ai-platform\\node_modules\\cross-spawn' ]
24 silly reify mark retired [
24 silly reify   'D:\\Project\\manychatbot-ai-platform\\node_modules\\css-to-react-native'
24 silly reify ]
25 silly reify mark retired [ 'D:\\Project\\manychatbot-ai-platform\\node_modules\\d3-shape' ]
26 silly reify mark retired [
26 silly reify   'D:\\Project\\manychatbot-ai-platform\\node_modules\\embla-carousel'
26 silly reify ]
27 silly reify mark retired [
27 silly reify   'D:\\Project\\manychatbot-ai-platform\\node_modules\\enhanced-resolve'
27 silly reify ]
28 silly reify mark retired [ 'D:\\Project\\manychatbot-ai-platform\\node_modules\\es-abstract' ]
29 silly reify mark retired [ 'D:\\Project\\manychatbot-ai-platform\\node_modules\\es-toolkit' ]
30 silly reify mark retired [
30 silly reify   'D:\\Project\\manychatbot-ai-platform\\node_modules\\embla-carousel-reactive-utils'
30 silly reify ]
31 silly reify mark retired [
31 silly reify   'D:\\Project\\manychatbot-ai-platform\\node_modules\\es-iterator-helpers'
31 silly reify ]
32 silly reify mark retired [
32 silly reify   'D:\\Project\\manychatbot-ai-platform\\node_modules\\d3-interpolate'
32 silly reify ]
33 silly reify mark retired [
33 silly reify   'D:\\Project\\manychatbot-ai-platform\\node_modules\\eslint-import-resolver-node'
33 silly reify ]
34 silly reify mark retired [
34 silly reify   'D:\\Project\\manychatbot-ai-platform\\node_modules\\eslint-plugin-react'
34 silly reify ]
35 silly reify mark retired [
35 silly reify   'D:\\Project\\manychatbot-ai-platform\\node_modules\\eslint-plugin-jsx-a11y'
35 silly reify ]
36 silly reify mark retired [
36 silly reify   'D:\\Project\\manychatbot-ai-platform\\node_modules\\eslint-plugin-import'
36 silly reify ]
37 silly reify mark retired [
37 silly reify   'D:\\Project\\manychatbot-ai-platform\\node_modules\\eslint-module-utils'
37 silly reify ]
38 silly reify mark retired [ 'D:\\Project\\manychatbot-ai-platform\\node_modules\\fast-glob' ]
39 silly reify mark retired [ 'D:\\Project\\manychatbot-ai-platform\\node_modules\\fast-uri' ]
40 silly reify mark retired [ 'D:\\Project\\manychatbot-ai-platform\\node_modules\\flatted' ]
41 silly reify mark retired [ 'D:\\Project\\manychatbot-ai-platform\\node_modules\\has-symbols' ]
42 silly reify mark retired [ 'D:\\Project\\manychatbot-ai-platform\\node_modules\\get-nonce' ]
43 silly reify mark retired [
43 silly reify   'D:\\Project\\manychatbot-ai-platform\\node_modules\\has-tostringtag'
43 silly reify ]
44 silly reify mark retired [ 'D:\\Project\\manychatbot-ai-platform\\node_modules\\hermes-estree' ]
45 silly reify mark retired [ 'D:\\Project\\manychatbot-ai-platform\\node_modules\\image-size' ]
46 silly reify mark retired [ 'D:\\Project\\manychatbot-ai-platform\\node_modules\\hermes-parser' ]
47 silly reify mark retired [ 'D:\\Project\\manychatbot-ai-platform\\node_modules\\immer' ]
48 silly reify mark retired [ 'D:\\Project\\manychatbot-ai-platform\\node_modules\\is-bun-module' ]
49 silly reify mark retired [
49 silly reify   'D:\\Project\\manychatbot-ai-platform\\node_modules\\json-schema-traverse'
49 silly reify ]
50 silly reify mark retired [ 'D:\\Project\\manychatbot-ai-platform\\node_modules\\js-yaml' ]
51 silly reify mark retired [ 'D:\\Project\\manychatbot-ai-platform\\node_modules\\jest-worker' ]
52 silly reify mark retired [ 'D:\\Project\\manychatbot-ai-platform\\node_modules\\jsx-ast-utils' ]
53 silly reify mark retired [
53 silly reify   'D:\\Project\\manychatbot-ai-platform\\node_modules\\language-subtag-registry'
53 silly reify ]
54 silly reify mark retired [
54 silly reify   'D:\\Project\\manychatbot-ai-platform\\node_modules\\lightningcss-win32-x64-msvc'
54 silly reify ]
55 silly reify mark retired [ 'D:\\Project\\manychatbot-ai-platform\\node_modules\\miniflare' ]
56 silly reify mark retired [ 'D:\\Project\\manychatbot-ai-platform\\node_modules\\pako' ]
57 silly reify mark retired [ 'D:\\Project\\manychatbot-ai-platform\\node_modules\\node-releases' ]
58 silly reify mark retired [ 'D:\\Project\\manychatbot-ai-platform\\node_modules\\pathe' ]
59 silly reify mark retired [
59 silly reify   'D:\\Project\\manychatbot-ai-platform\\node_modules\\object-inspect'
59 silly reify ]
60 silly reify mark retired [
60 silly reify   'D:\\Project\\manychatbot-ai-platform\\node_modules\\react-remove-scroll'
60 silly reify ]
61 silly reify mark retired [ 'D:\\Project\\manychatbot-ai-platform\\node_modules\\react-redux' ]
62 silly reify mark retired [ 'D:\\Project\\manychatbot-ai-platform\\node_modules\\redux' ]
63 silly reify mark retired [
63 silly reify   'D:\\Project\\manychatbot-ai-platform\\node_modules\\react-remove-scroll-bar'
63 silly reify ]
64 silly reify mark retired [ 'D:\\Project\\manychatbot-ai-platform\\node_modules\\reselect' ]
65 silly reify mark retired [ 'D:\\Project\\manychatbot-ai-platform\\node_modules\\resolve' ]
66 silly reify mark retired [ 'D:\\Project\\manychatbot-ai-platform\\node_modules\\redux-thunk' ]
67 silly reify mark retired [ 'D:\\Project\\manychatbot-ai-platform\\node_modules\\rolldown' ]
68 silly reify mark retired [ 'D:\\Project\\manychatbot-ai-platform\\node_modules\\reusify' ]
69 silly reify mark retired [ 'D:\\Project\\manychatbot-ai-platform\\node_modules\\schema-utils' ]
70 silly reify mark retired [ 'D:\\Project\\manychatbot-ai-platform\\node_modules\\sharp' ]
71 silly reify mark retired [ 'D:\\Project\\manychatbot-ai-platform\\node_modules\\srvx' ]
72 silly reify mark retired [
72 silly reify   'D:\\Project\\manychatbot-ai-platform\\node_modules\\react-style-singleton'
72 silly reify ]
73 silly reify mark retired [
73 silly reify   'D:\\Project\\manychatbot-ai-platform\\node_modules\\string.prototype.includes'
73 silly reify ]
74 silly reify mark retired [ 'D:\\Project\\manychatbot-ai-platform\\node_modules\\strip-literal' ]
75 silly reify mark retired [ 'D:\\Project\\manychatbot-ai-platform\\node_modules\\styled-jsx' ]
76 silly reify mark retired [
76 silly reify   'D:\\Project\\manychatbot-ai-platform\\node_modules\\tsconfig-paths'
76 silly reify ]
77 silly reify mark retired [ 'D:\\Project\\manychatbot-ai-platform\\node_modules\\tinyglobby' ]
78 silly reify mark retired [ 'D:\\Project\\manychatbot-ai-platform\\node_modules\\terser' ]
79 silly reify mark retired [ 'D:\\Project\\manychatbot-ai-platform\\node_modules\\undici' ]
80 silly reify mark retired [ 'D:\\Project\\manychatbot-ai-platform\\node_modules\\tsx' ]
81 silly reify mark retired [
81 silly reify   'D:\\Project\\manychatbot-ai-platform\\node_modules\\tiny-invariant'
81 silly reify ]
82 silly reify mark retired [ 'D:\\Project\\manychatbot-ai-platform\\node_modules\\unpic' ]
83 silly reify mark retired [ 'D:\\Project\\manychatbot-ai-platform\\node_modules\\uri-js' ]
84 silly reify mark retired [ 'D:\\Project\\manychatbot-ai-platform\\node_modules\\unenv' ]
85 silly reify mark retired [
85 silly reify   'D:\\Project\\manychatbot-ai-platform\\node_modules\\use-callback-ref'
85 silly reify ]
86 silly reify mark retired [
86 silly reify   'D:\\Project\\manychatbot-ai-platform\\node_modules\\victory-vendor'
86 silly reify ]
87 silly reify mark retired [ 'D:\\Project\\manychatbot-ai-platform\\node_modules\\use-sidecar' ]
88 silly reify mark retired [
88 silly reify   'D:\\Project\\manychatbot-ai-platform\\node_modules\\vite-plugin-dynamic-import'
88 silly reify ]
89 silly reify mark retired [
89 silly reify   'D:\\Project\\manychatbot-ai-platform\\node_modules\\use-sync-external-store'
89 silly reify ]
90 silly reify mark retired [
90 silly reify   'D:\\Project\\manychatbot-ai-platform\\node_modules\\webpack-sources'
90 silly reify ]
91 silly reify mark retired [ 'D:\\Project\\manychatbot-ai-platform\\node_modules\\web-vitals' ]
92 silly reify mark retired [ 'D:\\Project\\manychatbot-ai-platform\\node_modules\\webpack' ]
93 silly reify mark retired [ 'D:\\Project\\manychatbot-ai-platform\\node_modules\\yoga-layout' ]
94 silly reify mark retired [ 'D:\\Project\\manychatbot-ai-platform\\node_modules\\youch' ]
95 silly reify mark retired [ 'D:\\Project\\manychatbot-ai-platform\\node_modules\\wrangler' ]
96 silly reify mark retired [ 'D:\\Project\\manychatbot-ai-platform\\node_modules\\youch-core' ]
97 silly reify mark retired [
97 silly reify   'D:\\Project\\manychatbot-ai-platform\\node_modules\\@aws-sdk\\checksums'
97 silly reify ]
98 silly reify mark retired [
98 silly reify   'D:\\Project\\manychatbot-ai-platform\\node_modules\\@aws-sdk\\core'
98 silly reify ]
99 silly reify mark retired [
99 silly reify   'D:\\Project\\manychatbot-ai-platform\\node_modules\\@aws-sdk\\credential-provider-ini'
99 silly reify ]
100 silly reify mark retired [
100 silly reify   'D:\\Project\\manychatbot-ai-platform\\node_modules\\@aws-sdk\\credential-provider-http'
100 silly reify ]
101 silly reify mark retired [
101 silly reify   'D:\\Project\\manychatbot-ai-platform\\node_modules\\@aws-sdk\\credential-provider-login'
101 silly reify ]
102 silly reify mark retired [
102 silly reify   'D:\\Project\\manychatbot-ai-platform\\node_modules\\@aws-sdk\\credential-provider-process'
102 silly reify ]
103 silly reify mark retired [
103 silly reify   'D:\\Project\\manychatbot-ai-platform\\node_modules\\@aws-sdk\\credential-provider-node'
103 silly reify ]
104 silly reify mark retired [
104 silly reify   'D:\\Project\\manychatbot-ai-platform\\node_modules\\@aws-sdk\\credential-provider-env'
104 silly reify ]
105 silly reify mark retired [
105 silly reify   'D:\\Project\\manychatbot-ai-platform\\node_modules\\@aws-sdk\\credential-provider-sso'
105 silly reify ]
106 silly reify mark retired [
106 silly reify   'D:\\Project\\manychatbot-ai-platform\\node_modules\\@aws-sdk\\middleware-sdk-s3'
106 silly reify ]
107 silly reify mark retired [
107 silly reify   'D:\\Project\\manychatbot-ai-platform\\node_modules\\@aws-sdk\\credential-provider-web-identity'
107 silly reify ]
108 silly reify mark retired [
108 silly reify   'D:\\Project\\manychatbot-ai-platform\\node_modules\\@aws-sdk\\signature-v4-multi-region'
108 silly reify ]
109 silly reify mark retired [
109 silly reify   'D:\\Project\\manychatbot-ai-platform\\node_modules\\@aws-sdk\\token-providers'
109 silly reify ]
110 silly reify mark retired [
110 silly reify   'D:\\Project\\manychatbot-ai-platform\\node_modules\\@aws-sdk\\types'
110 silly reify ]
111 silly reify mark retired [
111 silly reify   'D:\\Project\\manychatbot-ai-platform\\node_modules\\@aws-sdk\\nested-clients'
111 silly reify ]
112 silly reify mark retired [
112 silly reify   'D:\\Project\\manychatbot-ai-platform\\node_modules\\@aws-sdk\\xml-builder'
112 silly reify ]
113 silly reify mark retired [ 'D:\\Project\\manychatbot-ai-platform\\node_modules\\@babel\\core' ]
114 silly reify mark retired [
114 silly reify   'D:\\Project\\manychatbot-ai-platform\\node_modules\\@babel\\generator'
114 silly reify ]
115 silly reify mark retired [
115 silly reify   'D:\\Project\\manychatbot-ai-platform\\node_modules\\@babel\\helpers'
115 silly reify ]
116 silly reify mark retired [
116 silly reify   'D:\\Project\\manychatbot-ai-platform\\node_modules\\@babel\\runtime'
116 silly reify ]
117 silly reify mark retired [
117 silly reify   'D:\\Project\\manychatbot-ai-platform\\node_modules\\@babel\\traverse'
117 silly reify ]
118 silly reify mark retired [ 'D:\\Project\\manychatbot-ai-platform\\node_modules\\@babel\\types' ]
119 silly reify mark retired [
119 silly reify   'D:\\Project\\manychatbot-ai-platform\\node_modules\\@cloudflare\\unenv-preset'
119 silly reify ]
120 silly reify mark retired [
120 silly reify   'D:\\Project\\manychatbot-ai-platform\\node_modules\\@cloudflare\\vite-plugin'
120 silly reify ]
121 silly reify mark retired [
121 silly reify   'D:\\Project\\manychatbot-ai-platform\\node_modules\\@cspotcode\\source-map-support'
121 silly reify ]
122 silly reify mark retired [
122 silly reify   'D:\\Project\\manychatbot-ai-platform\\node_modules\\@esbuild-kit\\core-utils'
122 silly reify ]
123 silly reify mark retired [
123 silly reify   'D:\\Project\\manychatbot-ai-platform\\node_modules\\@eslint\\config-array'
123 silly reify ]
124 silly reify mark retired [
124 silly reify   'D:\\Project\\manychatbot-ai-platform\\node_modules\\@eslint\\config-helpers'
124 silly reify ]
125 silly reify mark retired [ 'D:\\Project\\manychatbot-ai-platform\\node_modules\\@eslint\\core' ]
126 silly reify mark retired [
126 silly reify   'D:\\Project\\manychatbot-ai-platform\\node_modules\\@eslint\\eslintrc'
126 silly reify ]
127 silly reify mark retired [ 'D:\\Project\\manychatbot-ai-platform\\node_modules\\@eslint\\js' ]
128 silly reify mark retired [
128 silly reify   'D:\\Project\\manychatbot-ai-platform\\node_modules\\@eslint\\object-schema'
128 silly reify ]
129 silly reify mark retired [
129 silly reify   'D:\\Project\\manychatbot-ai-platform\\node_modules\\@eslint\\plugin-kit'
129 silly reify ]
130 silly reify mark retired [
130 silly reify   'D:\\Project\\manychatbot-ai-platform\\node_modules\\@jridgewell\\gen-mapping'
130 silly reify ]
131 silly reify mark retired [
131 silly reify   'D:\\Project\\manychatbot-ai-platform\\node_modules\\@jridgewell\\resolve-uri'
131 silly reify ]
132 silly reify mark retired [
132 silly reify   'D:\\Project\\manychatbot-ai-platform\\node_modules\\@eslint-community\\eslint-utils'
132 silly reify ]
133 silly reify mark retired [
133 silly reify   'D:\\Project\\manychatbot-ai-platform\\node_modules\\@next\\eslint-plugin-next'
133 silly reify ]
134 silly reify mark retired [
134 silly reify   'D:\\Project\\manychatbot-ai-platform\\node_modules\\@nodelib\\fs.scandir'
134 silly reify ]
135 silly reify mark retired [
135 silly reify   'D:\\Project\\manychatbot-ai-platform\\node_modules\\@nodelib\\fs.stat'
135 silly reify ]
136 silly reify mark retired [
136 silly reify   'D:\\Project\\manychatbot-ai-platform\\node_modules\\@nodelib\\fs.walk'
136 silly reify ]
137 silly reify mark retired [
137 silly reify   'D:\\Project\\manychatbot-ai-platform\\node_modules\\@poppinss\\colors'
137 silly reify ]
138 silly reify mark retired [
138 silly reify   'D:\\Project\\manychatbot-ai-platform\\node_modules\\@poppinss\\dumper'
138 silly reify ]
139 silly reify mark retired [
139 silly reify   'D:\\Project\\manychatbot-ai-platform\\node_modules\\@poppinss\\exception'
139 silly reify ]
140 silly reify mark retired [
140 silly reify   'D:\\Project\\manychatbot-ai-platform\\node_modules\\@radix-ui\\primitive'
140 silly reify ]
141 silly reify mark retired [
141 silly reify   'D:\\Project\\manychatbot-ai-platform\\node_modules\\@radix-ui\\react-accordion'
141 silly reify ]
142 silly reify mark retired [
142 silly reify   'D:\\Project\\manychatbot-ai-platform\\node_modules\\@radix-ui\\react-alert-dialog'
142 silly reify ]
143 silly reify mark retired [
143 silly reify   'D:\\Project\\manychatbot-ai-platform\\node_modules\\@radix-ui\\react-checkbox'
143 silly reify ]
144 silly reify mark retired [
144 silly reify   'D:\\Project\\manychatbot-ai-platform\\node_modules\\@radix-ui\\react-collapsible'
144 silly reify ]
145 silly reify mark retired [
145 silly reify   'D:\\Project\\manychatbot-ai-platform\\node_modules\\@radix-ui\\react-collection'
145 silly reify ]
146 silly reify mark retired [
146 silly reify   'D:\\Project\\manychatbot-ai-platform\\node_modules\\@radix-ui\\react-dialog'
146 silly reify ]
147 silly reify mark retired [
147 silly reify   'D:\\Project\\manychatbot-ai-platform\\node_modules\\@radix-ui\\react-dismissable-layer'
147 silly reify ]
148 silly reify mark retired [
148 silly reify   'D:\\Project\\manychatbot-ai-platform\\node_modules\\@radix-ui\\react-dropdown-menu'
148 silly reify ]
149 silly reify mark retired [
149 silly reify   'D:\\Project\\manychatbot-ai-platform\\node_modules\\@radix-ui\\react-focus-scope'
149 silly reify ]
150 silly reify mark retired [
150 silly reify   'D:\\Project\\manychatbot-ai-platform\\node_modules\\@radix-ui\\react-form'
150 silly reify ]
151 silly reify mark retired [
151 silly reify   'D:\\Project\\manychatbot-ai-platform\\node_modules\\@radix-ui\\react-hover-card'
151 silly reify ]
152 silly reify mark retired [
152 silly reify   'D:\\Project\\manychatbot-ai-platform\\node_modules\\@radix-ui\\react-menubar'
152 silly reify ]
153 silly reify mark retired [
153 silly reify   'D:\\Project\\manychatbot-ai-platform\\node_modules\\@radix-ui\\react-one-time-password-field'
153 silly reify ]
154 silly reify mark retired [
154 silly reify   'D:\\Project\\manychatbot-ai-platform\\node_modules\\@radix-ui\\react-menu'
154 silly reify ]
155 silly reify mark retired [
155 silly reify   'D:\\Project\\manychatbot-ai-platform\\node_modules\\@radix-ui\\react-password-toggle-field'
155 silly reify ]
156 silly reify mark retired [
156 silly reify   'D:\\Project\\manychatbot-ai-platform\\node_modules\\@radix-ui\\react-popover'
156 silly reify ]
157 silly reify mark retired [
157 silly reify   'D:\\Project\\manychatbot-ai-platform\\node_modules\\@radix-ui\\react-popper'
157 silly reify ]
158 silly reify mark retired [
158 silly reify   'D:\\Project\\manychatbot-ai-platform\\node_modules\\@radix-ui\\react-primitive'
158 silly reify ]
159 silly reify mark retired [
159 silly reify   'D:\\Project\\manychatbot-ai-platform\\node_modules\\@radix-ui\\react-navigation-menu'
159 silly reify ]
160 silly reify mark retired [
160 silly reify   'D:\\Project\\manychatbot-ai-platform\\node_modules\\@radix-ui\\react-radio-group'
160 silly reify ]
161 silly reify mark retired [
161 silly reify   'D:\\Project\\manychatbot-ai-platform\\node_modules\\@radix-ui\\react-roving-focus'
161 silly reify ]
162 silly reify mark retired [
162 silly reify   'D:\\Project\\manychatbot-ai-platform\\node_modules\\@radix-ui\\react-scroll-area'
162 silly reify ]
163 silly reify mark retired [
163 silly reify   'D:\\Project\\manychatbot-ai-platform\\node_modules\\@radix-ui\\react-slider'
163 silly reify ]
164 silly reify mark retired [
164 silly reify   'D:\\Project\\manychatbot-ai-platform\\node_modules\\@radix-ui\\react-toast'
164 silly reify ]
165 silly reify mark retired [
165 silly reify   'D:\\Project\\manychatbot-ai-platform\\node_modules\\@radix-ui\\react-switch'
165 silly reify ]
166 silly reify mark retired [
166 silly reify   'D:\\Project\\manychatbot-ai-platform\\node_modules\\@rolldown\\binding-win32-x64-msvc'
166 silly reify ]
167 silly reify mark retired [
167 silly reify   'D:\\Project\\manychatbot-ai-platform\\node_modules\\@radix-ui\\react-tooltip'
167 silly reify ]
168 silly reify mark retired [
168 silly reify   'D:\\Project\\manychatbot-ai-platform\\node_modules\\@rolldown\\pluginutils'
168 silly reify ]
169 silly reify mark retired [
169 silly reify   'D:\\Project\\manychatbot-ai-platform\\node_modules\\@radix-ui\\react-select'
169 silly reify ]
170 silly reify mark retired [
170 silly reify   'D:\\Project\\manychatbot-ai-platform\\node_modules\\@shuding\\opentype.js'
170 silly reify ]
171 silly reify mark retired [ 'D:\\Project\\manychatbot-ai-platform\\node_modules\\@smithy\\core' ]
172 silly reify mark retired [
172 silly reify   'D:\\Project\\manychatbot-ai-platform\\node_modules\\@reduxjs\\toolkit'
172 silly reify ]
173 silly reify mark retired [
173 silly reify   'D:\\Project\\manychatbot-ai-platform\\node_modules\\@smithy\\node-http-handler'
173 silly reify ]
174 silly reify mark retired [
174 silly reify   'D:\\Project\\manychatbot-ai-platform\\node_modules\\@smithy\\fetch-http-handler'
174 silly reify ]
175 silly reify mark retired [
175 silly reify   'D:\\Project\\manychatbot-ai-platform\\node_modules\\@smithy\\types'
175 silly reify ]
176 silly reify mark retired [ 'D:\\Project\\manychatbot-ai-platform\\node_modules\\@swc\\helpers' ]
177 silly reify mark retired [
177 silly reify   'D:\\Project\\manychatbot-ai-platform\\node_modules\\@smithy\\signature-v4'
177 silly reify ]
178 silly reify mark retired [
178 silly reify   'D:\\Project\\manychatbot-ai-platform\\node_modules\\@speed-highlight\\core'
178 silly reify ]
179 silly reify mark retired [
179 silly reify   'D:\\Project\\manychatbot-ai-platform\\node_modules\\@smithy\\credential-provider-imds'
179 silly reify ]
180 silly reify mark retired [
180 silly reify   'D:\\Project\\manychatbot-ai-platform\\node_modules\\@typescript-eslint\\scope-manager'
180 silly reify ]
181 silly reify mark retired [
181 silly reify   'D:\\Project\\manychatbot-ai-platform\\node_modules\\@typescript-eslint\\eslint-plugin'
181 silly reify ]
182 silly reify mark retired [
182 silly reify   'D:\\Project\\manychatbot-ai-platform\\node_modules\\@tailwindcss\\oxide-win32-x64-msvc'
182 silly reify ]
183 silly reify mark retired [
183 silly reify   'D:\\Project\\manychatbot-ai-platform\\node_modules\\@typescript-eslint\\utils'
183 silly reify ]
184 silly reify mark retired [
184 silly reify   'D:\\Project\\manychatbot-ai-platform\\node_modules\\@typescript-eslint\\typescript-estree'
184 silly reify ]
185 silly reify mark retired [
185 silly reify   'D:\\Project\\manychatbot-ai-platform\\node_modules\\@typescript-eslint\\types'
185 silly reify ]
186 silly reify mark retired [
186 silly reify   'D:\\Project\\manychatbot-ai-platform\\node_modules\\@typescript-eslint\\type-utils'
186 silly reify ]
187 silly reify mark retired [
187 silly reify   'D:\\Project\\manychatbot-ai-platform\\node_modules\\@typescript-eslint\\visitor-keys'
187 silly reify ]
188 silly reify mark retired [ 'D:\\Project\\manychatbot-ai-platform\\node_modules\\@unpic\\react' ]
189 silly reify mark retired [
189 silly reify   'D:\\Project\\manychatbot-ai-platform\\node_modules\\@webassemblyjs\\wasm-parser'
189 silly reify ]
190 silly reify mark retired [
190 silly reify   'D:\\Project\\manychatbot-ai-platform\\node_modules\\@webassemblyjs\\ast'
190 silly reify ]
191 silly reify mark retired [
191 silly reify   'D:\\Project\\manychatbot-ai-platform\\node_modules\\@webassemblyjs\\wasm-gen'
191 silly reify ]
192 silly reify moves {
192 silly reify   'D:\\Project\\manychatbot-ai-platform\\node_modules\\ajv': 'D:\\Project\\manychatbot-ai-platform\\node_modules\\.ajv-aAWQ02WO',
192 silly reify   'D:\\Project\\manychatbot-ai-platform\\node_modules\\aria-hidden': 'D:\\Project\\manychatbot-ai-platform\\node_modules\\.aria-hidden-rFUJbK24',
192 silly reify   'D:\\Project\\manychatbot-ai-platform\\node_modules\\aria-query': 'D:\\Project\\manychatbot-ai-platform\\node_modules\\.aria-query-XrohhKql',
192 silly reify   'D:\\Project\\manychatbot-ai-platform\\node_modules\\axobject-query': 'D:\\Project\\manychatbot-ai-platform\\node_modules\\.axobject-query-DOllA7Mt',
192 silly reify   'D:\\Project\\manychatbot-ai-platform\\node_modules\\caniuse-lite': 'D:\\Project\\manychatbot-ai-platform\\node_modules\\.caniuse-lite-3ca9x2Gj',
192 silly reify   'D:\\Project\\manychatbot-ai-platform\\node_modules\\blake3-wasm': 'D:\\Project\\manychatbot-ai-platform\\node_modules\\.blake3-wasm-0Ew3Qxok',
192 silly reify   'D:\\Project\\manychatbot-ai-platform\\node_modules\\cross-env': 'D:\\Project\\manychatbot-ai-platform\\node_modules\\.cross-env-n5kzja5z',
192 silly reify   'D:\\Project\\manychatbot-ai-platform\\node_modules\\d3-array': 'D:\\Project\\manychatbot-ai-platform\\node_modules\\.d3-array-z4S4wHoA',
192 silly reify   'D:\\Project\\manychatbot-ai-platform\\node_modules\\cross-spawn': 'D:\\Project\\manychatbot-ai-platform\\node_modules\\.cross-spawn-wSpepo8Q',
192 silly reify   'D:\\Project\\manychatbot-ai-platform\\node_modules\\css-to-react-native': 'D:\\Project\\manychatbot-ai-platform\\node_modules\\.css-to-react-native-tgtO9CDV',
192 silly reify   'D:\\Project\\manychatbot-ai-platform\\node_modules\\d3-shape': 'D:\\Project\\manychatbot-ai-platform\\node_modules\\.d3-shape-8cLeM3sA',
192 silly reify   'D:\\Project\\manychatbot-ai-platform\\node_modules\\embla-carousel': 'D:\\Project\\manychatbot-ai-platform\\node_modules\\.embla-carousel-86aLx5kl',
192 silly reify   'D:\\Project\\manychatbot-ai-platform\\node_modules\\enhanced-resolve': 'D:\\Project\\manychatbot-ai-platform\\node_modules\\.enhanced-resolve-DhXESJxt',
192 silly reify   'D:\\Project\\manychatbot-ai-platform\\node_modules\\es-abstract': 'D:\\Project\\manychatbot-ai-platform\\node_modules\\.es-abstract-a5f9mt6f',
192 silly reify   'D:\\Project\\manychatbot-ai-platform\\node_modules\\es-toolkit': 'D:\\Project\\manychatbot-ai-platform\\node_modules\\.es-toolkit-7o2ykdHQ',
192 silly reify   'D:\\Project\\manychatbot-ai-platform\\node_modules\\embla-carousel-reactive-utils': 'D:\\Project\\manychatbot-ai-platform\\node_modules\\.embla-carousel-reactive-utils-0NjtDZn6',
192 silly reify   'D:\\Project\\manychatbot-ai-platform\\node_modules\\es-iterator-helpers': 'D:\\Project\\manychatbot-ai-platform\\node_modules\\.es-iterator-helpers-DnPTpEDY',
192 silly reify   'D:\\Project\\manychatbot-ai-platform\\node_modules\\d3-interpolate': 'D:\\Project\\manychatbot-ai-platform\\node_modules\\.d3-interpolate-m5wbjCEV',
192 silly reify   'D:\\Project\\manychatbot-ai-platform\\node_modules\\eslint-import-resolver-node': 'D:\\Project\\manychatbot-ai-platform\\node_modules\\.eslint-import-resolver-node-LFtWMy6Y',
192 silly reify   'D:\\Project\\manychatbot-ai-platform\\node_modules\\eslint-plugin-react': 'D:\\Project\\manychatbot-ai-platform\\node_modules\\.eslint-plugin-react-cRxLbeY7',
192 silly reify   'D:\\Project\\manychatbot-ai-platform\\node_modules\\eslint-plugin-jsx-a11y': 'D:\\Project\\manychatbot-ai-platform\\node_modules\\.eslint-plugin-jsx-a11y-X1HSrMBi',
192 silly reify   'D:\\Project\\manychatbot-ai-platform\\node_modules\\eslint-plugin-import': 'D:\\Project\\manychatbot-ai-platform\\node_modules\\.eslint-plugin-import-qmKgWzeB',
192 silly reify   'D:\\Project\\manychatbot-ai-platform\\node_modules\\eslint-module-utils': 'D:\\Project\\manychatbot-ai-platform\\node_modules\\.eslint-module-utils-HTwHlrtG',
192 silly reify   'D:\\Project\\manychatbot-ai-platform\\node_modules\\fast-glob': 'D:\\Project\\manychatbot-ai-platform\\node_modules\\.fast-glob-UrBevFxo',
192 silly reify   'D:\\Project\\manychatbot-ai-platform\\node_modules\\fast-uri': 'D:\\Project\\manychatbot-ai-platform\\node_modules\\.fast-uri-rmVY9Crx',
192 silly reify   'D:\\Project\\manychatbot-ai-platform\\node_modules\\flatted': 'D:\\Project\\manychatbot-ai-platform\\node_modules\\.flatted-767ifnpa',
192 silly reify   'D:\\Project\\manychatbot-ai-platform\\node_modules\\has-symbols': 'D:\\Project\\manychatbot-ai-platform\\node_modules\\.has-symbols-fCcWwIOl',
192 silly reify   'D:\\Project\\manychatbot-ai-platform\\node_modules\\get-nonce': 'D:\\Project\\manychatbot-ai-platform\\node_modules\\.get-nonce-9j1L6lD8',
192 silly reify   'D:\\Project\\manychatbot-ai-platform\\node_modules\\has-tostringtag': 'D:\\Project\\manychatbot-ai-platform\\node_modules\\.has-tostringtag-SnircotL',
192 silly reify   'D:\\Project\\manychatbot-ai-platform\\node_modules\\hermes-estree': 'D:\\Project\\manychatbot-ai-platform\\node_modules\\.hermes-estree-eiUfcDCk',
192 silly reify   'D:\\Project\\manychatbot-ai-platform\\node_modules\\image-size': 'D:\\Project\\manychatbot-ai-platform\\node_modules\\.image-size-hO4yA18t',
192 silly reify   'D:\\Project\\manychatbot-ai-platform\\node_modules\\hermes-parser': 'D:\\Project\\manychatbot-ai-platform\\node_modules\\.hermes-parser-uGhGevN0',
192 silly reify   'D:\\Project\\manychatbot-ai-platform\\node_modules\\immer': 'D:\\Project\\manychatbot-ai-platform\\node_modules\\.immer-SKvzWXzp',
192 silly reify   'D:\\Project\\manychatbot-ai-platform\\node_modules\\is-bun-module': 'D:\\Project\\manychatbot-ai-platform\\node_modules\\.is-bun-module-YslZDfte',
192 silly reify   'D:\\Project\\manychatbot-ai-platform\\node_modules\\json-schema-traverse': 'D:\\Project\\manychatbot-ai-platform\\node_modules\\.json-schema-traverse-f3F7kDyB',
192 silly reify   'D:\\Project\\manychatbot-ai-platform\\node_modules\\js-yaml': 'D:\\Project\\manychatbot-ai-platform\\node_modules\\.js-yaml-ZEhYpJNn',
192 silly reify   'D:\\Project\\manychatbot-ai-platform\\node_modules\\jest-worker': 'D:\\Project\\manychatbot-ai-platform\\node_modules\\.jest-worker-AblO8me6',
192 silly reify   'D:\\Project\\manychatbot-ai-platform\\node_modules\\jsx-ast-utils': 'D:\\Project\\manychatbot-ai-platform\\node_modules\\.jsx-ast-utils-G5IiIVX2',
192 silly reify   'D:\\Project\\manychatbot-ai-platform\\node_modules\\language-subtag-registry': 'D:\\Project\\manychatbot-ai-platform\\node_modules\\.language-subtag-registry-8C66REAL',
192 silly reify   'D:\\Project\\manychatbot-ai-platform\\node_modules\\lightningcss-win32-x64-msvc': 'D:\\Project\\manychatbot-ai-platform\\node_modules\\.lightningcss-win32-x64-msvc-goYQDBHP',
192 silly reify   'D:\\Project\\manychatbot-ai-platform\\node_modules\\miniflare': 'D:\\Project\\manychatbot-ai-platform\\node_modules\\.miniflare-hfJRSS5f',
192 silly reify   'D:\\Project\\manychatbot-ai-platform\\node_modules\\pako': 'D:\\Project\\manychatbot-ai-platform\\node_modules\\.pako-M8QLlMAt',
192 silly reify   'D:\\Project\\manychatbot-ai-platform\\node_modules\\node-releases': 'D:\\Project\\manychatbot-ai-platform\\node_modules\\.node-releases-EwXgOIMx',
192 silly reify   'D:\\Project\\manychatbot-ai-platform\\node_modules\\pathe': 'D:\\Project\\manychatbot-ai-platform\\node_modules\\.pathe-JhKtCEf3',
192 silly reify   'D:\\Project\\manychatbot-ai-platform\\node_modules\\object-inspect': 'D:\\Project\\manychatbot-ai-platform\\node_modules\\.object-inspect-KXFYB9Bo',
192 silly reify   'D:\\Project\\manychatbot-ai-platform\\node_modules\\react-remove-scroll': 'D:\\Project\\manychatbot-ai-platform\\node_modules\\.react-remove-scroll-jmbroXt7',
192 silly reify   'D:\\Project\\manychatbot-ai-platform\\node_modules\\react-redux': 'D:\\Project\\manychatbot-ai-platform\\node_modules\\.react-redux-pYVxQqz3',
192 silly reify   'D:\\Project\\manychatbot-ai-platform\\node_modules\\redux': 'D:\\Project\\manychatbot-ai-platform\\node_modules\\.redux-QInHCDbj',
192 silly reify   'D:\\Project\\manychatbot-ai-platform\\node_modules\\react-remove-scroll-bar': 'D:\\Project\\manychatbot-ai-platform\\node_modules\\.react-remove-scroll-bar-PyxHkWLR',
192 silly reify   'D:\\Project\\manychatbot-ai-platform\\node_modules\\reselect': 'D:\\Project\\manychatbot-ai-platform\\node_modules\\.reselect-wW6PS9Hz',
192 silly reify   'D:\\Project\\manychatbot-ai-platform\\node_modules\\resolve': 'D:\\Project\\manychatbot-ai-platform\\node_modules\\.resolve-mLjjjDEG',
192 silly reify   'D:\\Project\\manychatbot-ai-platform\\node_modules\\redux-thunk': 'D:\\Project\\manychatbot-ai-platform\\node_modules\\.redux-thunk-UOOTwXzy',
192 silly reify   'D:\\Project\\manychatbot-ai-platform\\node_modules\\rolldown': 'D:\\Project\\manychatbot-ai-platform\\node_modules\\.rolldown-iWZm2LQW',
192 silly reify   'D:\\Project\\manychatbot-ai-platform\\node_modules\\reusify': 'D:\\Project\\manychatbot-ai-platform\\node_modules\\.reusify-ldOu7dPT',
192 silly reify   'D:\\Project\\manychatbot-ai-platform\\node_modules\\schema-utils': 'D:\\Project\\manychatbot-ai-platform\\node_modules\\.schema-utils-svzxsXqz',
192 silly reify   'D:\\Project\\manychatbot-ai-platform\\node_modules\\sharp': 'D:\\Project\\manychatbot-ai-platform\\node_modules\\.sharp-LTBhmrEs',
192 silly reify   'D:\\Project\\manychatbot-ai-platform\\node_modules\\srvx': 'D:\\Project\\manychatbot-ai-platform\\node_modules\\.srvx-6APbQ4c1',
192 silly reify   'D:\\Project\\manychatbot-ai-platform\\node_modules\\react-style-singleton': 'D:\\Project\\manychatbot-ai-platform\\node_modules\\.react-style-singleton-KZw87cCN',
192 silly reify   'D:\\Project\\manychatbot-ai-platform\\node_modules\\string.prototype.includes': 'D:\\Project\\manychatbot-ai-platform\\node_modules\\.string.prototype.includes-gJpSDUSl',
192 silly reify   'D:\\Project\\manychatbot-ai-platform\\node_modules\\strip-literal': 'D:\\Project\\manychatbot-ai-platform\\node_modules\\.strip-literal-98iFn43L',
192 silly reify   'D:\\Project\\manychatbot-ai-platform\\node_modules\\styled-jsx': 'D:\\Project\\manychatbot-ai-platform\\node_modules\\.styled-jsx-eAEKx3iz',
192 silly reify   'D:\\Project\\manychatbot-ai-platform\\node_modules\\tsconfig-paths': 'D:\\Project\\manychatbot-ai-platform\\node_modules\\.tsconfig-paths-XJBPhhkC',
192 silly reify   'D:\\Project\\manychatbot-ai-platform\\node_modules\\tinyglobby': 'D:\\Project\\manychatbot-ai-platform\\node_modules\\.tinyglobby-Vy6bB1ew',
192 silly reify   'D:\\Project\\manychatbot-ai-platform\\node_modules\\terser': 'D:\\Project\\manychatbot-ai-platform\\node_modules\\.terser-YTkAlKWf',
192 silly reify   'D:\\Project\\manychatbot-ai-platform\\node_modules\\undici': 'D:\\Project\\manychatbot-ai-platform\\node_modules\\.undici-dXW7eqSd',
192 silly reify   'D:\\Project\\manychatbot-ai-platform\\node_modules\\tsx': 'D:\\Project\\manychatbot-ai-platform\\node_modules\\.tsx-z3uuuZUA',
192 silly reify   'D:\\Project\\manychatbot-ai-platform\\node_modules\\tiny-invariant': 'D:\\Project\\manychatbot-ai-platform\\node_modules\\.tiny-invariant-p93OeB5S',
192 silly reify   'D:\\Project\\manychatbot-ai-platform\\node_modules\\unpic': 'D:\\Project\\manychatbot-ai-platform\\node_modules\\.unpic-QYuARdJg',
192 silly reify   'D:\\Project\\manychatbot-ai-platform\\node_modules\\uri-js': 'D:\\Project\\manychatbot-ai-platform\\node_modules\\.uri-js-WpM9D5ZN',
192 silly reify   'D:\\Project\\manychatbot-ai-platform\\node_modules\\unenv': 'D:\\Project\\manychatbot-ai-platform\\node_modules\\.unenv-RNy1n20B',
192 silly reify   'D:\\Project\\manychatbot-ai-platform\\node_modules\\use-callback-ref': 'D:\\Project\\manychatbot-ai-platform\\node_modules\\.use-callback-ref-lSITguvM',
192 silly reify   'D:\\Project\\manychatbot-ai-platform\\node_modules\\victory-vendor': 'D:\\Project\\manychatbot-ai-platform\\node_modules\\.victory-vendor-GccUT67t',
192 silly reify   'D:\\Project\\manychatbot-ai-platform\\node_modules\\use-sidecar': 'D:\\Project\\manychatbot-ai-platform\\node_modules\\.use-sidecar-F8MVAJYt',
192 silly reify   'D:\\Project\\manychatbot-ai-platform\\node_modules\\vite-plugin-dynamic-import': 'D:\\Project\\manychatbot-ai-platform\\node_modules\\.vite-plugin-dynamic-import-htHuUyt2',
192 silly reify   'D:\\Project\\manychatbot-ai-platform\\node_modules\\use-sync-external-store': 'D:\\Project\\manychatbot-ai-platform\\node_modules\\.use-sync-external-store-mLlcErer',
192 silly reify   'D:\\Project\\manychatbot-ai-platform\\node_modules\\webpack-sources': 'D:\\Project\\manychatbot-ai-platform\\node_modules\\.webpack-sources-Z8ohU8WW',
192 silly reify   'D:\\Project\\manychatbot-ai-platform\\node_modules\\web-vitals': 'D:\\Project\\manychatbot-ai-platform\\node_modules\\.web-vitals-vvsetWSZ',
192 silly reify   'D:\\Project\\manychatbot-ai-platform\\node_modules\\webpack': 'D:\\Project\\manychatbot-ai-platform\\node_modules\\.webpack-zLh1QACl',
192 silly reify   'D:\\Project\\manychatbot-ai-platform\\node_modules\\yoga-layout': 'D:\\Project\\manychatbot-ai-platform\\node_modules\\.yoga-layout-bzyJyNSO',
192 silly reify   'D:\\Project\\manychatbot-ai-platform\\node_modules\\youch': 'D:\\Project\\manychatbot-ai-platform\\node_modules\\.youch-PyqPB99k',
192 silly reify   'D:\\Project\\manychatbot-ai-platform\\node_modules\\wrangler': 'D:\\Project\\manychatbot-ai-platform\\node_modules\\.wrangler-B617cFsX',
192 silly reify   'D:\\Project\\manychatbot-ai-platform\\node_modules\\youch-core': 'D:\\Project\\manychatbot-ai-platform\\node_modules\\.youch-core-xUo0ibK9',
192 silly reify   'D:\\Project\\manychatbot-ai-platform\\node_modules\\@aws-sdk\\checksums': 'D:\\Project\\manychatbot-ai-platform\\node_modules\\@aws-sdk\\.checksums-lPZf4FVM',
192 silly reify   'D:\\Project\\manychatbot-ai-platform\\node_modules\\@aws-sdk\\core': 'D:\\Project\\manychatbot-ai-platform\\node_modules\\@aws-sdk\\.core-i3p4nAx1',
192 silly reify   'D:\\Project\\manychatbot-ai-platform\\node_modules\\@aws-sdk\\credential-provider-ini': 'D:\\Project\\manychatbot-ai-platform\\node_modules\\@aws-sdk\\.credential-provider-ini-LGksfuwu',
192 silly reify   'D:\\Project\\manychatbot-ai-platform\\node_modules\\@aws-sdk\\credential-provider-http': 'D:\\Project\\manychatbot-ai-platform\\node_modules\\@aws-sdk\\.credential-provider-http-NidsxOyH',
192 silly reify   'D:\\Project\\manychatbot-ai-platform\\node_modules\\@aws-sdk\\credential-provider-login': 'D:\\Project\\manychatbot-ai-platform\\node_modules\\@aws-sdk\\.credential-provider-login-oeRN0tse',
192 silly reify   'D:\\Project\\manychatbot-ai-platform\\node_modules\\@aws-sdk\\credential-provider-process': 'D:\\Project\\manychatbot-ai-platform\\node_modules\\@aws-sdk\\.credential-provider-process-jSwQ55ub',
192 silly reify   'D:\\Project\\manychatbot-ai-platform\\node_modules\\@aws-sdk\\credential-provider-node': 'D:\\Project\\manychatbot-ai-platform\\node_modules\\@aws-sdk\\.credential-provider-node-9LPvEVKG',
192 silly reify   'D:\\Project\\manychatbot-ai-platform\\node_modules\\@aws-sdk\\credential-provider-env': 'D:\\Project\\manychatbot-ai-platform\\node_modules\\@aws-sdk\\.credential-provider-env-kJ0nsCip',
192 silly reify   'D:\\Project\\manychatbot-ai-platform\\node_modules\\@aws-sdk\\credential-provider-sso': 'D:\\Project\\manychatbot-ai-platform\\node_modules\\@aws-sdk\\.credential-provider-sso-c9MU7Uke',
192 silly reify   'D:\\Project\\manychatbot-ai-platform\\node_modules\\@aws-sdk\\middleware-sdk-s3': 'D:\\Project\\manychatbot-ai-platform\\node_modules\\@aws-sdk\\.middleware-sdk-s3-2bls8Zsw',
192 silly reify   'D:\\Project\\manychatbot-ai-platform\\node_modules\\@aws-sdk\\credential-provider-web-identity': 'D:\\Project\\manychatbot-ai-platform\\node_modules\\@aws-sdk\\.credential-provider-web-identity-z5iqm3Bg',
192 silly reify   'D:\\Project\\manychatbot-ai-platform\\node_modules\\@aws-sdk\\signature-v4-multi-region': 'D:\\Project\\manychatbot-ai-platform\\node_modules\\@aws-sdk\\.signature-v4-multi-region-g1VKiafD',
192 silly reify   'D:\\Project\\manychatbot-ai-platform\\node_modules\\@aws-sdk\\token-providers': 'D:\\Project\\manychatbot-ai-platform\\node_modules\\@aws-sdk\\.token-providers-N3aJXqGJ',
192 silly reify   'D:\\Project\\manychatbot-ai-platform\\node_modules\\@aws-sdk\\types': 'D:\\Project\\manychatbot-ai-platform\\node_modules\\@aws-sdk\\.types-UPCGfH4G',
192 silly reify   'D:\\Project\\manychatbot-ai-platform\\node_modules\\@aws-sdk\\nested-clients': 'D:\\Project\\manychatbot-ai-platform\\node_modules\\@aws-sdk\\.nested-clients-iJG7fOI6',
192 silly reify   'D:\\Project\\manychatbot-ai-platform\\node_modules\\@aws-sdk\\xml-builder': 'D:\\Project\\manychatbot-ai-platform\\node_modules\\@aws-sdk\\.xml-builder-GVu9W4wt',
192 silly reify   'D:\\Project\\manychatbot-ai-platform\\node_modules\\@babel\\core': 'D:\\Project\\manychatbot-ai-platform\\node_modules\\@babel\\.core-k2dv142q',
192 silly reify   'D:\\Project\\manychatbot-ai-platform\\node_modules\\@babel\\generator': 'D:\\Project\\manychatbot-ai-platform\\node_modules\\@babel\\.generator-m8MuA9Bz',
192 silly reify   'D:\\Project\\manychatbot-ai-platform\\node_modules\\@babel\\helpers': 'D:\\Project\\manychatbot-ai-platform\\node_modules\\@babel\\.helpers-aVdIkbe3',
192 silly reify   'D:\\Project\\manychatbot-ai-platform\\node_modules\\@babel\\runtime': 'D:\\Project\\manychatbot-ai-platform\\node_modules\\@babel\\.runtime-FYUx83xl',
192 silly reify   'D:\\Project\\manychatbot-ai-platform\\node_modules\\@babel\\traverse': 'D:\\Project\\manychatbot-ai-platform\\node_modules\\@babel\\.traverse-GG9BerKH',
192 silly reify   'D:\\Project\\manychatbot-ai-platform\\node_modules\\@babel\\types': 'D:\\Project\\manychatbot-ai-platform\\node_modules\\@babel\\.types-9G90lqpc',
192 silly reify   'D:\\Project\\manychatbot-ai-platform\\node_modules\\@cloudflare\\unenv-preset': 'D:\\Project\\manychatbot-ai-platform\\node_modules\\@cloudflare\\.unenv-preset-vJK3iiUy',
192 silly reify   'D:\\Project\\manychatbot-ai-platform\\node_modules\\@cloudflare\\vite-plugin': 'D:\\Project\\manychatbot-ai-platform\\node_modules\\@cloudflare\\.vite-plugin-VBAiqG5u',
192 silly reify   'D:\\Project\\manychatbot-ai-platform\\node_modules\\@cspotcode\\source-map-support': 'D:\\Project\\manychatbot-ai-platform\\node_modules\\@cspotcode\\.source-map-support-oGLTX3Zs',
192 silly reify   'D:\\Project\\manychatbot-ai-platform\\node_modules\\@esbuild-kit\\core-utils': 'D:\\Project\\manychatbot-ai-platform\\node_modules\\@esbuild-kit\\.core-utils-mrKZwCdr',
192 silly reify   'D:\\Project\\manychatbot-ai-platform\\node_modules\\@eslint\\config-array': 'D:\\Project\\manychatbot-ai-platform\\node_modules\\@eslint\\.config-array-qPE3I7Cr',
192 silly reify   'D:\\Project\\manychatbot-ai-platform\\node_modules\\@eslint\\config-helpers': 'D:\\Project\\manychatbot-ai-platform\\node_modules\\@eslint\\.config-helpers-7fzqkc9p',
192 silly reify   'D:\\Project\\manychatbot-ai-platform\\node_modules\\@eslint\\core': 'D:\\Project\\manychatbot-ai-platform\\node_modules\\@eslint\\.core-3Y3CazFi',
192 silly reify   'D:\\Project\\manychatbot-ai-platform\\node_modules\\@eslint\\eslintrc': 'D:\\Project\\manychatbot-ai-platform\\node_modules\\@eslint\\.eslintrc-VN3iOImH',
192 silly reify   'D:\\Project\\manychatbot-ai-platform\\node_modules\\@eslint\\js': 'D:\\Project\\manychatbot-ai-platform\\node_modules\\@eslint\\.js-JTeIIGzL',
192 silly reify   'D:\\Project\\manychatbot-ai-platform\\node_modules\\@eslint\\object-schema': 'D:\\Project\\manychatbot-ai-platform\\node_modules\\@eslint\\.object-schema-gVcpXHtk',
192 silly reify   'D:\\Project\\manychatbot-ai-platform\\node_modules\\@eslint\\plugin-kit': 'D:\\Project\\manychatbot-ai-platform\\node_modules\\@eslint\\.plugin-kit-DmIpVFEU',
192 silly reify   'D:\\Project\\manychatbot-ai-platform\\node_modules\\@jridgewell\\gen-mapping': 'D:\\Project\\manychatbot-ai-platform\\node_modules\\@jridgewell\\.gen-mapping-zDDX6yp0',
192 silly reify   'D:\\Project\\manychatbot-ai-platform\\node_modules\\@jridgewell\\resolve-uri': 'D:\\Project\\manychatbot-ai-platform\\node_modules\\@jridgewell\\.resolve-uri-vJK5T7uZ',
192 silly reify   'D:\\Project\\manychatbot-ai-platform\\node_modules\\@eslint-community\\eslint-utils': 'D:\\Project\\manychatbot-ai-platform\\node_modules\\@eslint-community\\.eslint-utils-FTZgUeq1',
192 silly reify   'D:\\Project\\manychatbot-ai-platform\\node_modules\\@next\\eslint-plugin-next': 'D:\\Project\\manychatbot-ai-platform\\node_modules\\@next\\.eslint-plugin-next-1lZsMI6M',
192 silly reify   'D:\\Project\\manychatbot-ai-platform\\node_modules\\@nodelib\\fs.scandir': 'D:\\Project\\manychatbot-ai-platform\\node_modules\\@nodelib\\.fs.scandir-1rLwebgV',
192 silly reify   'D:\\Project\\manychatbot-ai-platform\\node_modules\\@nodelib\\fs.stat': 'D:\\Project\\manychatbot-ai-platform\\node_modules\\@nodelib\\.fs.stat-phnuDRNP',
192 silly reify   'D:\\Project\\manychatbot-ai-platform\\node_modules\\@nodelib\\fs.walk': 'D:\\Project\\manychatbot-ai-platform\\node_modules\\@nodelib\\.fs.walk-xv7fcJ8Y',
192 silly reify   'D:\\Project\\manychatbot-ai-platform\\node_modules\\@poppinss\\colors': 'D:\\Project\\manychatbot-ai-platform\\node_modules\\@poppinss\\.colors-ppWzlcvW',
192 silly reify   'D:\\Project\\manychatbot-ai-platform\\node_modules\\@poppinss\\dumper': 'D:\\Project\\manychatbot-ai-platform\\node_modules\\@poppinss\\.dumper-j3VlGAOK',
192 silly reify   'D:\\Project\\manychatbot-ai-platform\\node_modules\\@poppinss\\exception': 'D:\\Project\\manychatbot-ai-platform\\node_modules\\@poppinss\\.exception-w93Dc41E',
192 silly reify   'D:\\Project\\manychatbot-ai-platform\\node_modules\\@radix-ui\\primitive': 'D:\\Project\\manychatbot-ai-platform\\node_modules\\@radix-ui\\.primitive-70RhKetl',
192 silly reify   'D:\\Project\\manychatbot-ai-platform\\node_modules\\@radix-ui\\react-accordion': 'D:\\Project\\manychatbot-ai-platform\\node_modules\\@radix-ui\\.react-accordion-DkqezjJ9',
192 silly reify   'D:\\Project\\manychatbot-ai-platform\\node_modules\\@radix-ui\\react-alert-dialog': 'D:\\Project\\manychatbot-ai-platform\\node_modules\\@radix-ui\\.react-alert-dialog-bawcBSYS',
192 silly reify   'D:\\Project\\manychatbot-ai-platform\\node_modules\\@radix-ui\\react-checkbox': 'D:\\Project\\manychatbot-ai-platform\\node_modules\\@radix-ui\\.react-checkbox-sTXnaBce',
192 silly reify   'D:\\Project\\manychatbot-ai-platform\\node_modules\\@radix-ui\\react-collapsible': 'D:\\Project\\manychatbot-ai-platform\\node_modules\\@radix-ui\\.react-collapsible-2HVttrl6',
192 silly reify   'D:\\Project\\manychatbot-ai-platform\\node_modules\\@radix-ui\\react-collection': 'D:\\Project\\manychatbot-ai-platform\\node_modules\\@radix-ui\\.react-collection-jV57r5X5',
192 silly reify   'D:\\Project\\manychatbot-ai-platform\\node_modules\\@radix-ui\\react-dialog': 'D:\\Project\\manychatbot-ai-platform\\node_modules\\@radix-ui\\.react-dialog-ZPVpMJWN',
192 silly reify   'D:\\Project\\manychatbot-ai-platform\\node_modules\\@radix-ui\\react-dismissable-layer': 'D:\\Project\\manychatbot-ai-platform\\node_modules\\@radix-ui\\.react-dismissable-layer-Fc9YvMqK',
192 silly reify   'D:\\Project\\manychatbot-ai-platform\\node_modules\\@radix-ui\\react-dropdown-menu': 'D:\\Project\\manychatbot-ai-platform\\node_modules\\@radix-ui\\.react-dropdown-menu-0TaXBzx0',
192 silly reify   'D:\\Project\\manychatbot-ai-platform\\node_modules\\@radix-ui\\react-focus-scope': 'D:\\Project\\manychatbot-ai-platform\\node_modules\\@radix-ui\\.react-focus-scope-fHhJHar5',
192 silly reify   'D:\\Project\\manychatbot-ai-platform\\node_modules\\@radix-ui\\react-form': 'D:\\Project\\manychatbot-ai-platform\\node_modules\\@radix-ui\\.react-form-4WRPz9DE',
192 silly reify   'D:\\Project\\manychatbot-ai-platform\\node_modules\\@radix-ui\\react-hover-card': 'D:\\Project\\manychatbot-ai-platform\\node_modules\\@radix-ui\\.react-hover-card-1GfHCH2E',
192 silly reify   'D:\\Project\\manychatbot-ai-platform\\node_modules\\@radix-ui\\react-menubar': 'D:\\Project\\manychatbot-ai-platform\\node_modules\\@radix-ui\\.react-menubar-c3Ns4ZQ5',
192 silly reify   'D:\\Project\\manychatbot-ai-platform\\node_modules\\@radix-ui\\react-one-time-password-field': 'D:\\Project\\manychatbot-ai-platform\\node_modules\\@radix-ui\\.react-one-time-password-field-3cMn9HBm',
192 silly reify   'D:\\Project\\manychatbot-ai-platform\\node_modules\\@radix-ui\\react-menu': 'D:\\Project\\manychatbot-ai-platform\\node_modules\\@radix-ui\\.react-menu-Fqaf8QzG',
192 silly reify   'D:\\Project\\manychatbot-ai-platform\\node_modules\\@radix-ui\\react-password-toggle-field': 'D:\\Project\\manychatbot-ai-platform\\node_modules\\@radix-ui\\.react-password-toggle-field-LX0DjnlP',
192 silly reify   'D:\\Project\\manychatbot-ai-platform\\node_modules\\@radix-ui\\react-popover': 'D:\\Project\\manychatbot-ai-platform\\node_modules\\@radix-ui\\.react-popover-DO6yOK8a',
192 silly reify   'D:\\Project\\manychatbot-ai-platform\\node_modules\\@radix-ui\\react-popper': 'D:\\Project\\manychatbot-ai-platform\\node_modules\\@radix-ui\\.react-popper-Rt1cU8zA',
192 silly reify   'D:\\Project\\manychatbot-ai-platform\\node_modules\\@radix-ui\\react-primitive': 'D:\\Project\\manychatbot-ai-platform\\node_modules\\@radix-ui\\.react-primitive-GLJwMxXL',
192 silly reify   'D:\\Project\\manychatbot-ai-platform\\node_modules\\@radix-ui\\react-navigation-menu': 'D:\\Project\\manychatbot-ai-platform\\node_modules\\@radix-ui\\.react-navigation-menu-62KyoPxI',
192 silly reify   'D:\\Project\\manychatbot-ai-platform\\node_modules\\@radix-ui\\react-radio-group': 'D:\\Project\\manychatbot-ai-platform\\node_modules\\@radix-ui\\.react-radio-group-RjeTCeUc',
192 silly reify   'D:\\Project\\manychatbot-ai-platform\\node_modules\\@radix-ui\\react-roving-focus': 'D:\\Project\\manychatbot-ai-platform\\node_modules\\@radix-ui\\.react-roving-focus-1WAhJDaH',
192 silly reify   'D:\\Project\\manychatbot-ai-platform\\node_modules\\@radix-ui\\react-scroll-area': 'D:\\Project\\manychatbot-ai-platform\\node_modules\\@radix-ui\\.react-scroll-area-iTp2xoTX',
192 silly reify   'D:\\Project\\manychatbot-ai-platform\\node_modules\\@radix-ui\\react-slider': 'D:\\Project\\manychatbot-ai-platform\\node_modules\\@radix-ui\\.react-slider-pSm4r8Zo',
192 silly reify   'D:\\Project\\manychatbot-ai-platform\\node_modules\\@radix-ui\\react-toast': 'D:\\Project\\manychatbot-ai-platform\\node_modules\\@radix-ui\\.react-toast-K6IFd8Eb',
192 silly reify   'D:\\Project\\manychatbot-ai-platform\\node_modules\\@radix-ui\\react-switch': 'D:\\Project\\manychatbot-ai-platform\\node_modules\\@radix-ui\\.react-switch-1fAXzyi3',
192 silly reify   'D:\\Project\\manychatbot-ai-platform\\node_modules\\@rolldown\\binding-win32-x64-msvc': 'D:\\Project\\manychatbot-ai-platform\\node_modules\\@rolldown\\.binding-win32-x64-msvc-MLf84OnL',
192 silly reify   'D:\\Project\\manychatbot-ai-platform\\node_modules\\@radix-ui\\react-tooltip': 'D:\\Project\\manychatbot-ai-platform\\node_modules\\@radix-ui\\.react-tooltip-0niJRx9R',
192 silly reify   'D:\\Project\\manychatbot-ai-platform\\node_modules\\@rolldown\\pluginutils': 'D:\\Project\\manychatbot-ai-platform\\node_modules\\@rolldown\\.pluginutils-sS1GsK4z',
192 silly reify   'D:\\Project\\manychatbot-ai-platform\\node_modules\\@radix-ui\\react-select': 'D:\\Project\\manychatbot-ai-platform\\node_modules\\@radix-ui\\.react-select-mPFqL4hC',
192 silly reify   'D:\\Project\\manychatbot-ai-platform\\node_modules\\@shuding\\opentype.js': 'D:\\Project\\manychatbot-ai-platform\\node_modules\\@shuding\\.opentype.js-K8Gi2pm4',
192 silly reify   'D:\\Project\\manychatbot-ai-platform\\node_modules\\@smithy\\core': 'D:\\Project\\manychatbot-ai-platform\\node_modules\\@smithy\\.core-Cm4Xnh36',
192 silly reify   'D:\\Project\\manychatbot-ai-platform\\node_modules\\@reduxjs\\toolkit': 'D:\\Project\\manychatbot-ai-platform\\node_modules\\@reduxjs\\.toolkit-Zl0QJGyJ',
192 silly reify   'D:\\Project\\manychatbot-ai-platform\\node_modules\\@smithy\\node-http-handler': 'D:\\Project\\manychatbot-ai-platform\\node_modules\\@smithy\\.node-http-handler-mKYQefQf',
192 silly reify   'D:\\Project\\manychatbot-ai-platform\\node_modules\\@smithy\\fetch-http-handler': 'D:\\Project\\manychatbot-ai-platform\\node_modules\\@smithy\\.fetch-http-handler-t8UUyUBF',
192 silly reify   'D:\\Project\\manychatbot-ai-platform\\node_modules\\@smithy\\types': 'D:\\Project\\manychatbot-ai-platform\\node_modules\\@smithy\\.types-5ogPA2lp',
192 silly reify   'D:\\Project\\manychatbot-ai-platform\\node_modules\\@swc\\helpers': 'D:\\Project\\manychatbot-ai-platform\\node_modules\\@swc\\.helpers-ytLpBJ2m',
192 silly reify   'D:\\Project\\manychatbot-ai-platform\\node_modules\\@smithy\\signature-v4': 'D:\\Project\\manychatbot-ai-platform\\node_modules\\@smithy\\.signature-v4-zgylV7TN',
192 silly reify   'D:\\Project\\manychatbot-ai-platform\\node_modules\\@speed-highlight\\core': 'D:\\Project\\manychatbot-ai-platform\\node_modules\\@speed-highlight\\.core-jbcwIld2',
192 silly reify   'D:\\Project\\manychatbot-ai-platform\\node_modules\\@smithy\\credential-provider-imds': 'D:\\Project\\manychatbot-ai-platform\\node_modules\\@smithy\\.credential-provider-imds-eIiXawZI',
192 silly reify   'D:\\Project\\manychatbot-ai-platform\\node_modules\\@typescript-eslint\\scope-manager': 'D:\\Project\\manychatbot-ai-platform\\node_modules\\@typescript-eslint\\.scope-manager-jv4gryQS',
192 silly reify   'D:\\Project\\manychatbot-ai-platform\\node_modules\\@typescript-eslint\\eslint-plugin': 'D:\\Project\\manychatbot-ai-platform\\node_modules\\@typescript-eslint\\.eslint-plugin-pb4NKsue',
192 silly reify   'D:\\Project\\manychatbot-ai-platform\\node_modules\\@tailwindcss\\oxide-win32-x64-msvc': 'D:\\Project\\manychatbot-ai-platform\\node_modules\\@tailwindcss\\.oxide-win32-x64-msvc-fa8Bc32O',
192 silly reify   'D:\\Project\\manychatbot-ai-platform\\node_modules\\@typescript-eslint\\utils': 'D:\\Project\\manychatbot-ai-platform\\node_modules\\@typescript-eslint\\.utils-e6lRCHrE',
192 silly reify   'D:\\Project\\manychatbot-ai-platform\\node_modules\\@typescript-eslint\\typescript-estree': 'D:\\Project\\manychatbot-ai-platform\\node_modules\\@typescript-eslint\\.typescript-estree-60xDQkDe',
192 silly reify   'D:\\Project\\manychatbot-ai-platform\\node_modules\\@typescript-eslint\\types': 'D:\\Project\\manychatbot-ai-platform\\node_modules\\@typescript-eslint\\.types-c4ytA2D9',
192 silly reify   'D:\\Project\\manychatbot-ai-platform\\node_modules\\@typescript-eslint\\type-utils': 'D:\\Project\\manychatbot-ai-platform\\node_modules\\@typescript-eslint\\.type-utils-71OjdCcv',
192 silly reify   'D:\\Project\\manychatbot-ai-platform\\node_modules\\@typescript-eslint\\visitor-keys': 'D:\\Project\\manychatbot-ai-platform\\node_modules\\@typescript-eslint\\.visitor-keys-6plMDTtt',
192 silly reify   'D:\\Project\\manychatbot-ai-platform\\node_modules\\@unpic\\react': 'D:\\Project\\manychatbot-ai-platform\\node_modules\\@unpic\\.react-U7WrYE8M',
192 silly reify   'D:\\Project\\manychatbot-ai-platform\\node_modules\\@webassemblyjs\\wasm-parser': 'D:\\Project\\manychatbot-ai-platform\\node_modules\\@webassemblyjs\\.wasm-parser-V5EQ4YWS',
192 silly reify   'D:\\Project\\manychatbot-ai-platform\\node_modules\\@webassemblyjs\\ast': 'D:\\Project\\manychatbot-ai-platform\\node_modules\\@webassemblyjs\\.ast-AM9vtq0k',
192 silly reify   'D:\\Project\\manychatbot-ai-platform\\node_modules\\@webassemblyjs\\wasm-gen': 'D:\\Project\\manychatbot-ai-platform\\node_modules\\@webassemblyjs\\.wasm-gen-cCq5DIWL'
192 silly reify }
193 http cache zod-validation-error@https://registry.npmjs.org/zod-validation-error/-/zod-validation-error-4.0.2.tgz 0ms (cache hit)
194 http cache zod@https://registry.npmjs.org/zod/-/zod-3.25.76.tgz 0ms (cache hit)
195 http cache yallist@https://registry.npmjs.org/yallist/-/yallist-3.1.1.tgz 0ms (cache hit)
196 http cache word-wrap@https://registry.npmjs.org/word-wrap/-/word-wrap-1.2.5.tgz 0ms (cache hit)
197 http cache which-typed-array@https://registry.npmjs.org/which-typed-array/-/which-typed-array-1.1.20.tgz 0ms (cache hit)
198 http cache which-builtin-type@https://registry.npmjs.org/which-builtin-type/-/which-builtin-type-1.2.1.tgz 0ms (cache hit)
199 http cache yocto-queue@https://registry.npmjs.org/yocto-queue/-/yocto-queue-0.1.0.tgz 0ms (cache hit)
200 http cache which-collection@https://registry.npmjs.org/which-collection/-/which-collection-1.0.2.tgz 0ms (cache hit)
201 http cache which@https://registry.npmjs.org/which/-/which-2.0.2.tgz 0ms (cache hit)
202 http cache which-boxed-primitive@https://registry.npmjs.org/which-boxed-primitive/-/which-boxed-primitive-1.1.1.tgz 0ms (cache hit)
203 http cache watchpack@https://registry.npmjs.org/watchpack/-/watchpack-2.5.1.tgz 0ms (cache hit)
204 http cache vite-plugin-commonjs@https://registry.npmjs.org/vite-plugin-commonjs/-/vite-plugin-commonjs-0.10.4.tgz 0ms (cache hit)
205 http cache vite-tsconfig-paths@https://registry.npmjs.org/vite-tsconfig-paths/-/vite-tsconfig-paths-6.1.1.tgz 0ms (cache hit)
206 http cache vinext@https://registry.npmjs.org/vinext/-/vinext-0.0.50.tgz 0ms (cache hit)
207 http cache vitefu@https://registry.npmjs.org/vitefu/-/vitefu-1.1.3.tgz 0ms (cache hit)
208 http cache vite@https://registry.npmjs.org/vite/-/vite-8.0.13.tgz 0ms (cache hit)
209 http cache update-browserslist-db@https://registry.npmjs.org/update-browserslist-db/-/update-browserslist-db-1.2.3.tgz 0ms (cache hit)
210 http cache vaul@https://registry.npmjs.org/vaul/-/vaul-1.1.2.tgz 0ms (cache hit)
211 http cache undici-types@https://registry.npmjs.org/undici-types/-/undici-types-6.21.0.tgz 0ms (cache hit)
212 http cache unrs-resolver@https://registry.npmjs.org/unrs-resolver/-/unrs-resolver-1.11.1.tgz 0ms (cache hit)
213 http cache unicode-trie@https://registry.npmjs.org/unicode-trie/-/unicode-trie-2.0.0.tgz 0ms (cache hit)
214 http cache unbox-primitive@https://registry.npmjs.org/unbox-primitive/-/unbox-primitive-1.1.0.tgz 0ms (cache hit)
215 http cache typescript-eslint@https://registry.npmjs.org/typescript-eslint/-/typescript-eslint-8.59.3.tgz 0ms (cache hit)
216 http cache typescript@https://registry.npmjs.org/typescript/-/typescript-5.9.3.tgz 0ms (cache hit)
217 http cache typed-array-byte-length@https://registry.npmjs.org/typed-array-byte-length/-/typed-array-byte-length-1.0.3.tgz 0ms (cache hit)
218 http cache typed-array-length@https://registry.npmjs.org/typed-array-length/-/typed-array-length-1.0.7.tgz 0ms (cache hit)
219 http cache typed-array-byte-offset@https://registry.npmjs.org/typed-array-byte-offset/-/typed-array-byte-offset-1.0.4.tgz 0ms (cache hit)
220 http cache type-check@https://registry.npmjs.org/type-check/-/type-check-0.4.0.tgz 0ms (cache hit)
221 http cache typed-array-buffer@https://registry.npmjs.org/typed-array-buffer/-/typed-array-buffer-1.0.3.tgz 0ms (cache hit)
222 http cache tslib@https://registry.npmjs.org/tslib/-/tslib-2.8.1.tgz 0ms (cache hit)
223 http cache tw-animate-css@https://registry.npmjs.org/tw-animate-css/-/tw-animate-css-1.4.0.tgz 0ms (cache hit)
224 http cache turbo-stream@https://registry.npmjs.org/turbo-stream/-/turbo-stream-3.2.0.tgz 0ms (cache hit)
225 http cache ts-api-utils@https://registry.npmjs.org/ts-api-utils/-/ts-api-utils-2.5.0.tgz 0ms (cache hit)
226 http cache tsconfck@https://registry.npmjs.org/tsconfck/-/tsconfck-3.1.6.tgz 0ms (cache hit)
227 http cache to-regex-range@https://registry.npmjs.org/to-regex-range/-/to-regex-range-5.0.1.tgz 0ms (cache hit)
228 http cache terser-webpack-plugin@https://registry.npmjs.org/terser-webpack-plugin/-/terser-webpack-plugin-5.6.0.tgz 0ms (cache hit)
229 http cache tiny-inflate@https://registry.npmjs.org/tiny-inflate/-/tiny-inflate-1.0.3.tgz 0ms (cache hit)
230 http cache tapable@https://registry.npmjs.org/tapable/-/tapable-2.3.3.tgz 0ms (cache hit)
231 http cache tailwind-merge@https://registry.npmjs.org/tailwind-merge/-/tailwind-merge-3.6.0.tgz 0ms (cache hit)
232 http cache tailwindcss@https://registry.npmjs.org/tailwindcss/-/tailwindcss-4.2.1.tgz 0ms (cache hit)
233 http cache supports-preserve-symlinks-flag@https://registry.npmjs.org/supports-preserve-symlinks-flag/-/supports-preserve-symlinks-flag-1.0.0.tgz 0ms (cache hit)
234 http cache strip-json-comments@https://registry.npmjs.org/strip-json-comments/-/strip-json-comments-3.1.1.tgz 0ms (cache hit)
235 http cache supports-color@https://registry.npmjs.org/supports-color/-/supports-color-7.2.0.tgz 0ms (cache hit)
236 http cache string.prototype.trimend@https://registry.npmjs.org/string.prototype.trimend/-/string.prototype.trimend-1.0.9.tgz 0ms (cache hit)
237 http cache strip-bom@https://registry.npmjs.org/strip-bom/-/strip-bom-3.0.0.tgz 0ms (cache hit)
238 http cache string.prototype.trimstart@https://registry.npmjs.org/string.prototype.trimstart/-/string.prototype.trimstart-1.0.8.tgz 0ms (cache hit)
239 http cache string.prototype.repeat@https://registry.npmjs.org/string.prototype.repeat/-/string.prototype.repeat-1.0.0.tgz 0ms (cache hit)
240 http cache string.prototype.trim@https://registry.npmjs.org/string.prototype.trim/-/string.prototype.trim-1.2.10.tgz 0ms (cache hit)
241 http cache string.prototype.matchall@https://registry.npmjs.org/string.prototype.matchall/-/string.prototype.matchall-4.0.12.tgz 0ms (cache hit)
242 http cache stop-iteration-iterator@https://registry.npmjs.org/stop-iteration-iterator/-/stop-iteration-iterator-1.1.0.tgz 0ms (cache hit)
243 http cache string.prototype.codepointat@https://registry.npmjs.org/string.prototype.codepointat/-/string.prototype.codepointat-0.2.1.tgz 0ms (cache hit)
244 http cache source-map-js@https://registry.npmjs.org/source-map-js/-/source-map-js-1.2.1.tgz 0ms (cache hit)
245 http cache stable-hash@https://registry.npmjs.org/stable-hash/-/stable-hash-0.0.5.tgz 0ms (cache hit)
246 http cache source-map-support@https://registry.npmjs.org/source-map-support/-/source-map-support-0.5.21.tgz 0ms (cache hit)
247 http cache sonner@https://registry.npmjs.org/sonner/-/sonner-2.0.8.tgz 0ms (cache hit)
248 http cache source-map@https://registry.npmjs.org/source-map/-/source-map-0.6.1.tgz 0ms (cache hit)
249 http cache side-channel-weakmap@https://registry.npmjs.org/side-channel-weakmap/-/side-channel-weakmap-1.0.2.tgz 0ms (cache hit)
250 http cache side-channel-list@https://registry.npmjs.org/side-channel-list/-/side-channel-list-1.0.1.tgz 0ms (cache hit)
251 http cache side-channel@https://registry.npmjs.org/side-channel/-/side-channel-1.1.0.tgz 0ms (cache hit)
252 http cache shebang-command@https://registry.npmjs.org/shebang-command/-/shebang-command-2.0.0.tgz 0ms (cache hit)
253 http cache shebang-regex@https://registry.npmjs.org/shebang-regex/-/shebang-regex-3.0.0.tgz 0ms (cache hit)
254 http cache side-channel-map@https://registry.npmjs.org/side-channel-map/-/side-channel-map-1.0.1.tgz 0ms (cache hit)
255 http cache set-function-name@https://registry.npmjs.org/set-function-name/-/set-function-name-2.0.2.tgz 0ms (cache hit)
256 http cache set-proto@https://registry.npmjs.org/set-proto/-/set-proto-1.0.0.tgz 0ms (cache hit)
257 http cache set-function-length@https://registry.npmjs.org/set-function-length/-/set-function-length-1.2.2.tgz 0ms (cache hit)
258 http cache scheduler@https://registry.npmjs.org/scheduler/-/scheduler-0.27.0.tgz 0ms (cache hit)
259 http cache semver@https://registry.npmjs.org/semver/-/semver-6.3.1.tgz 0ms (cache hit)
260 http cache satori@https://registry.npmjs.org/satori/-/satori-0.16.0.tgz 0ms (cache hit)
261 http cache safe-push-apply@https://registry.npmjs.org/safe-push-apply/-/safe-push-apply-1.0.0.tgz 0ms (cache hit)
262 http cache safe-array-concat@https://registry.npmjs.org/safe-array-concat/-/safe-array-concat-1.1.4.tgz 0ms (cache hit)
263 http cache safe-regex-test@https://registry.npmjs.org/safe-regex-test/-/safe-regex-test-1.1.0.tgz 0ms (cache hit)
264 http cache resolve-pkg-maps@https://registry.npmjs.org/resolve-pkg-maps/-/resolve-pkg-maps-1.0.0.tgz 0ms (cache hit)
265 http cache require-from-string@https://registry.npmjs.org/require-from-string/-/require-from-string-2.0.2.tgz 0ms (cache hit)
266 http cache run-parallel@https://registry.npmjs.org/run-parallel/-/run-parallel-1.2.0.tgz 0ms (cache hit)
267 http cache regexp.prototype.flags@https://registry.npmjs.org/regexp.prototype.flags/-/regexp.prototype.flags-1.5.4.tgz 0ms (cache hit)
268 http cache resolve-from@https://registry.npmjs.org/resolve-from/-/resolve-from-4.0.0.tgz 0ms (cache hit)
269 http cache reflect.getprototypeof@https://registry.npmjs.org/reflect.getprototypeof/-/reflect.getprototypeof-1.0.10.tgz 0ms (cache hit)
270 http cache recharts@https://registry.npmjs.org/recharts/-/recharts-3.8.0.tgz 0ms (cache hit)
271 http cache react-server-dom-webpack@https://registry.npmjs.org/react-server-dom-webpack/-/react-server-dom-webpack-19.2.6.tgz 0ms (cache hit)
272 http cache react-is@https://registry.npmjs.org/react-is/-/react-is-16.13.1.tgz 0ms (cache hit)
273 http cache react-hook-form@https://registry.npmjs.org/react-hook-form/-/react-hook-form-7.85.0.tgz 0ms (cache hit)
274 http cache react-resizable-panels@https://registry.npmjs.org/react-resizable-panels/-/react-resizable-panels-4.12.2.tgz 0ms (cache hit)
275 http cache react-dom@https://registry.npmjs.org/react-dom/-/react-dom-19.2.6.tgz 0ms (cache hit)
276 http cache react@https://registry.npmjs.org/react/-/react-19.2.6.tgz 0ms (cache hit)
277 http cache react-day-picker@https://registry.npmjs.org/react-day-picker/-/react-day-picker-10.0.1.tgz 0ms (cache hit)
278 http cache radix-ui@https://registry.npmjs.org/radix-ui/-/radix-ui-1.6.7.tgz 0ms (cache hit)
279 http cache queue-microtask@https://registry.npmjs.org/queue-microtask/-/queue-microtask-1.2.3.tgz 0ms (cache hit)
280 http cache punycode@https://registry.npmjs.org/punycode/-/punycode-2.3.1.tgz 0ms (cache hit)
281 http cache postgres@https://registry.npmjs.org/postgres/-/postgres-3.4.9.tgz 0ms (cache hit)
282 http cache prop-types@https://registry.npmjs.org/prop-types/-/prop-types-15.8.1.tgz 0ms (cache hit)
283 http cache postcss-value-parser@https://registry.npmjs.org/postcss-value-parser/-/postcss-value-parser-4.2.0.tgz 0ms (cache hit)
284 http cache prelude-ls@https://registry.npmjs.org/prelude-ls/-/prelude-ls-1.2.1.tgz 0ms (cache hit)
285 http cache postcss@https://registry.npmjs.org/postcss/-/postcss-8.5.14.tgz 0ms (cache hit)
286 http cache picocolors@https://registry.npmjs.org/picocolors/-/picocolors-1.1.1.tgz 0ms (cache hit)
287 http cache picomatch@https://registry.npmjs.org/picomatch/-/picomatch-2.3.2.tgz 0ms (cache hit)
288 http cache pdfjs-dist@https://registry.npmjs.org/pdfjs-dist/-/pdfjs-dist-6.3.289.tgz 0ms (cache hit)
289 http cache path-parse@https://registry.npmjs.org/path-parse/-/path-parse-1.0.7.tgz 0ms (cache hit)
290 http cache possible-typed-array-names@https://registry.npmjs.org/possible-typed-array-names/-/possible-typed-array-names-1.1.0.tgz 0ms (cache hit)
291 http cache parse-css-color@https://registry.npmjs.org/parse-css-color/-/parse-css-color-0.2.1.tgz 0ms (cache hit)
292 http cache path-key@https://registry.npmjs.org/path-key/-/path-key-3.1.1.tgz 0ms (cache hit)
293 http cache parent-module@https://registry.npmjs.org/parent-module/-/parent-module-1.0.1.tgz 0ms (cache hit)
294 http cache p-locate@https://registry.npmjs.org/p-locate/-/p-locate-5.0.0.tgz 0ms (cache hit)
295 http cache path-exists@https://registry.npmjs.org/path-exists/-/path-exists-4.0.0.tgz 0ms (cache hit)
296 http cache p-limit@https://registry.npmjs.org/p-limit/-/p-limit-3.1.0.tgz 0ms (cache hit)
297 http cache optionator@https://registry.npmjs.org/optionator/-/optionator-0.9.4.tgz 0ms (cache hit)
298 http cache object.values@https://registry.npmjs.org/object.values/-/object.values-1.2.1.tgz 0ms (cache hit)
299 http cache own-keys@https://registry.npmjs.org/own-keys/-/own-keys-1.0.1.tgz 0ms (cache hit)
300 http cache object.fromentries@https://registry.npmjs.org/object.fromentries/-/object.fromentries-2.0.8.tgz 0ms (cache hit)
301 http cache object.entries@https://registry.npmjs.org/object.entries/-/object.entries-1.1.9.tgz 0ms (cache hit)
302 http cache object.groupby@https://registry.npmjs.org/object.groupby/-/object.groupby-1.0.3.tgz 0ms (cache hit)
303 http cache object-keys@https://registry.npmjs.org/object-keys/-/object-keys-1.1.1.tgz 0ms (cache hit)
304 http cache object-assign@https://registry.npmjs.org/object-assign/-/object-assign-4.1.1.tgz 0ms (cache hit)
305 http cache object.assign@https://registry.npmjs.org/object.assign/-/object.assign-4.1.7.tgz 0ms (cache hit)
306 http cache next-themes@https://registry.npmjs.org/next-themes/-/next-themes-0.4.6.tgz 0ms (cache hit)
307 http cache neo-async@https://registry.npmjs.org/neo-async/-/neo-async-2.6.2.tgz 0ms (cache hit)
308 http cache node-exports-info@https://registry.npmjs.org/node-exports-info/-/node-exports-info-1.6.0.tgz 0ms (cache hit)
309 http cache natural-compare@https://registry.npmjs.org/natural-compare/-/natural-compare-1.4.0.tgz 0ms (cache hit)
310 http cache napi-postinstall@https://registry.npmjs.org/napi-postinstall/-/napi-postinstall-0.3.4.tgz 0ms (cache hit)
311 http cache next@https://registry.npmjs.org/next/-/next-16.2.6.tgz 0ms (cache hit)
312 http cache ms@https://registry.npmjs.org/ms/-/ms-2.1.3.tgz 0ms (cache hit)
313 http cache minimist@https://registry.npmjs.org/minimist/-/minimist-1.2.8.tgz 0ms (cache hit)
314 http cache nanoid@https://registry.npmjs.org/nanoid/-/nanoid-3.3.12.tgz 0ms (cache hit)
315 http cache mime-db@https://registry.npmjs.org/mime-db/-/mime-db-1.54.0.tgz 0ms (cache hit)
316 http cache minimatch@https://registry.npmjs.org/minimatch/-/minimatch-3.1.5.tgz 0ms (cache hit)
317 http cache micromatch@https://registry.npmjs.org/micromatch/-/micromatch-4.0.8.tgz 0ms (cache hit)
318 http cache merge-stream@https://registry.npmjs.org/merge-stream/-/merge-stream-2.0.0.tgz 0ms (cache hit)
319 http cache merge2@https://registry.npmjs.org/merge2/-/merge2-1.4.1.tgz 0ms (cache hit)
320 http cache magic-string@https://registry.npmjs.org/magic-string/-/magic-string-0.30.21.tgz 0ms (cache hit)
321 http cache math-intrinsics@https://registry.npmjs.org/math-intrinsics/-/math-intrinsics-1.1.0.tgz 0ms (cache hit)
322 http cache lucide-react@https://registry.npmjs.org/lucide-react/-/lucide-react-1.31.0.tgz 0ms (cache hit)
323 http cache loose-envify@https://registry.npmjs.org/loose-envify/-/loose-envify-1.4.0.tgz 0ms (cache hit)
324 http cache lru-cache@https://registry.npmjs.org/lru-cache/-/lru-cache-5.1.1.tgz 0ms (cache hit)
325 http cache locate-path@https://registry.npmjs.org/locate-path/-/locate-path-6.0.0.tgz 0ms (cache hit)
326 http cache loader-runner@https://registry.npmjs.org/loader-runner/-/loader-runner-4.3.2.tgz 0ms (cache hit)
327 http cache lodash.merge@https://registry.npmjs.org/lodash.merge/-/lodash.merge-4.6.2.tgz 0ms (cache hit)
328 http cache lightningcss@https://registry.npmjs.org/lightningcss/-/lightningcss-1.31.1.tgz 0ms (cache hit)
329 http cache linebreak@https://registry.npmjs.org/linebreak/-/linebreak-1.1.0.tgz 0ms (cache hit)
330 http cache levn@https://registry.npmjs.org/levn/-/levn-0.4.1.tgz 0ms (cache hit)
331 http cache keyv@https://registry.npmjs.org/keyv/-/keyv-4.5.4.tgz 0ms (cache hit)
332 http cache language-tags@https://registry.npmjs.org/language-tags/-/language-tags-1.0.9.tgz 0ms (cache hit)
333 http cache json-stable-stringify-without-jsonify@https://registry.npmjs.org/json-stable-stringify-without-jsonify/-/json-stable-stringify-without-jsonify-1.0.1.tgz 0ms (cache hit)
334 http cache json-buffer@https://registry.npmjs.org/json-buffer/-/json-buffer-3.0.1.tgz 0ms (cache hit)
335 http cache json5@https://registry.npmjs.org/json5/-/json5-2.2.3.tgz 0ms (cache hit)
336 http cache js-tokens@https://registry.npmjs.org/js-tokens/-/js-tokens-4.0.0.tgz 0ms (cache hit)
337 http cache jsesc@https://registry.npmjs.org/jsesc/-/jsesc-3.1.0.tgz 0ms (cache hit)
338 http cache jiti@https://registry.npmjs.org/jiti/-/jiti-2.7.0.tgz 0ms (cache hit)
339 http cache isexe@https://registry.npmjs.org/isexe/-/isexe-2.0.0.tgz 0ms (cache hit)
340 http cache is-weakset@https://registry.npmjs.org/is-weakset/-/is-weakset-2.0.4.tgz 0ms (cache hit)
341 http cache iterator.prototype@https://registry.npmjs.org/iterator.prototype/-/iterator.prototype-1.1.5.tgz 0ms (cache hit)
342 http cache is-weakref@https://registry.npmjs.org/is-weakref/-/is-weakref-1.1.1.tgz 0ms (cache hit)
343 http cache isarray@https://registry.npmjs.org/isarray/-/isarray-2.0.5.tgz 0ms (cache hit)
344 http cache is-typed-array@https://registry.npmjs.org/is-typed-array/-/is-typed-array-1.1.15.tgz 0ms (cache hit)
345 http cache is-symbol@https://registry.npmjs.org/is-symbol/-/is-symbol-1.1.1.tgz 0ms (cache hit)
346 http cache is-weakmap@https://registry.npmjs.org/is-weakmap/-/is-weakmap-2.0.2.tgz 0ms (cache hit)
347 http cache is-shared-array-buffer@https://registry.npmjs.org/is-shared-array-buffer/-/is-shared-array-buffer-1.0.4.tgz 0ms (cache hit)
348 http cache is-string@https://registry.npmjs.org/is-string/-/is-string-1.1.1.tgz 0ms (cache hit)
349 http cache is-set@https://registry.npmjs.org/is-set/-/is-set-2.0.3.tgz 0ms (cache hit)
350 http cache is-number-object@https://registry.npmjs.org/is-number-object/-/is-number-object-1.1.1.tgz 0ms (cache hit)
351 http cache is-regex@https://registry.npmjs.org/is-regex/-/is-regex-1.2.1.tgz 0ms (cache hit)
352 http cache is-negative-zero@https://registry.npmjs.org/is-negative-zero/-/is-negative-zero-2.0.3.tgz 0ms (cache hit)
353 http cache is-generator-function@https://registry.npmjs.org/is-generator-function/-/is-generator-function-1.1.2.tgz 0ms (cache hit)
354 http cache is-number@https://registry.npmjs.org/is-number/-/is-number-7.0.0.tgz 0ms (cache hit)
355 http cache is-glob@https://registry.npmjs.org/is-glob/-/is-glob-4.0.3.tgz 0ms (cache hit)
356 http cache is-map@https://registry.npmjs.org/is-map/-/is-map-2.0.3.tgz 0ms (cache hit)
357 http cache is-finalizationregistry@https://registry.npmjs.org/is-finalizationregistry/-/is-finalizationregistry-1.1.1.tgz 0ms (cache hit)
358 http cache is-extglob@https://registry.npmjs.org/is-extglob/-/is-extglob-2.1.1.tgz 0ms (cache hit)
359 http cache is-date-object@https://registry.npmjs.org/is-date-object/-/is-date-object-1.1.0.tgz 0ms (cache hit)
360 http cache is-data-view@https://registry.npmjs.org/is-data-view/-/is-data-view-1.0.2.tgz 0ms (cache hit)
361 http cache is-core-module@https://registry.npmjs.org/is-core-module/-/is-core-module-2.16.2.tgz 0ms (cache hit)
362 http cache is-array-buffer@https://registry.npmjs.org/is-array-buffer/-/is-array-buffer-3.0.5.tgz 0ms (cache hit)
363 http cache is-callable@https://registry.npmjs.org/is-callable/-/is-callable-1.2.7.tgz 0ms (cache hit)
364 http cache is-boolean-object@https://registry.npmjs.org/is-boolean-object/-/is-boolean-object-1.2.2.tgz 0ms (cache hit)
365 http cache is-bigint@https://registry.npmjs.org/is-bigint/-/is-bigint-1.1.0.tgz 0ms (cache hit)
366 http cache is-async-function@https://registry.npmjs.org/is-async-function/-/is-async-function-2.1.1.tgz 0ms (cache hit)
367 http cache input-otp@https://registry.npmjs.org/input-otp/-/input-otp-1.4.2.tgz 0ms (cache hit)
368 http cache ipaddr.js@https://registry.npmjs.org/ipaddr.js/-/ipaddr.js-2.4.0.tgz 0ms (cache hit)
369 http cache internal-slot@https://registry.npmjs.org/internal-slot/-/internal-slot-1.1.0.tgz 0ms (cache hit)
370 http cache internmap@https://registry.npmjs.org/internmap/-/internmap-2.0.3.tgz 0ms (cache hit)
371 http cache imurmurhash@https://registry.npmjs.org/imurmurhash/-/imurmurhash-0.1.4.tgz 0ms (cache hit)
372 http cache import-fresh@https://registry.npmjs.org/import-fresh/-/import-fresh-3.3.1.tgz 0ms (cache hit)
373 http cache ignore@https://registry.npmjs.org/ignore/-/ignore-5.3.2.tgz 0ms (cache hit)
374 http cache hex-rgb@https://registry.npmjs.org/hex-rgb/-/hex-rgb-4.3.0.tgz 1ms (cache hit)
375 http cache hasown@https://registry.npmjs.org/hasown/-/hasown-2.0.3.tgz 0ms (cache hit)
376 http cache has-bigints@https://registry.npmjs.org/has-bigints/-/has-bigints-1.1.0.tgz 0ms (cache hit)
377 http cache has-flag@https://registry.npmjs.org/has-flag/-/has-flag-4.0.0.tgz 0ms (cache hit)
378 http cache has-proto@https://registry.npmjs.org/has-proto/-/has-proto-1.2.0.tgz 0ms (cache hit)
379 http cache has-property-descriptors@https://registry.npmjs.org/has-property-descriptors/-/has-property-descriptors-1.0.2.tgz 0ms (cache hit)
380 http cache graceful-fs@https://registry.npmjs.org/graceful-fs/-/graceful-fs-4.2.11.tgz 0ms (cache hit)
381 http cache globals@https://registry.npmjs.org/globals/-/globals-14.0.0.tgz 0ms (cache hit)
382 http cache globrex@https://registry.npmjs.org/globrex/-/globrex-0.1.2.tgz 0ms (cache hit)
383 http cache gopd@https://registry.npmjs.org/gopd/-/gopd-1.2.0.tgz 0ms (cache hit)
384 http cache globalthis@https://registry.npmjs.org/globalthis/-/globalthis-1.0.4.tgz 0ms (cache hit)
385 http cache glob-to-regexp@https://registry.npmjs.org/glob-to-regexp/-/glob-to-regexp-0.4.1.tgz 0ms (cache hit)
386 http cache get-proto@https://registry.npmjs.org/get-proto/-/get-proto-1.0.1.tgz 0ms (cache hit)
387 http cache glob-parent@https://registry.npmjs.org/glob-parent/-/glob-parent-6.0.2.tgz 0ms (cache hit)
388 http cache get-symbol-description@https://registry.npmjs.org/get-symbol-description/-/get-symbol-description-1.1.0.tgz 0ms (cache hit)
389 http cache get-tsconfig@https://registry.npmjs.org/get-tsconfig/-/get-tsconfig-4.14.0.tgz 0ms (cache hit)
390 http cache get-intrinsic@https://registry.npmjs.org/get-intrinsic/-/get-intrinsic-1.3.0.tgz 0ms (cache hit)
391 http cache function.prototype.name@https://registry.npmjs.org/function.prototype.name/-/function.prototype.name-1.1.8.tgz 0ms (cache hit)
392 http cache gensync@https://registry.npmjs.org/gensync/-/gensync-1.0.0-beta.2.tgz 0ms (cache hit)
393 http cache generator-function@https://registry.npmjs.org/generator-function/-/generator-function-2.0.1.tgz 0ms (cache hit)
394 http cache functions-have-names@https://registry.npmjs.org/functions-have-names/-/functions-have-names-1.2.3.tgz 0ms (cache hit)
395 http cache function-bind@https://registry.npmjs.org/function-bind/-/function-bind-1.1.2.tgz 0ms (cache hit)
396 http cache for-each@https://registry.npmjs.org/for-each/-/for-each-0.3.5.tgz 0ms (cache hit)
397 http cache fill-range@https://registry.npmjs.org/fill-range/-/fill-range-7.1.1.tgz 0ms (cache hit)
398 http cache flat-cache@https://registry.npmjs.org/flat-cache/-/flat-cache-4.0.1.tgz 0ms (cache hit)
399 http cache find-up@https://registry.npmjs.org/find-up/-/find-up-5.0.0.tgz 0ms (cache hit)
400 http cache fastq@https://registry.npmjs.org/fastq/-/fastq-1.20.1.tgz 0ms (cache hit)
401 http cache file-entry-cache@https://registry.npmjs.org/file-entry-cache/-/file-entry-cache-8.0.0.tgz 0ms (cache hit)
402 http cache fflate@https://registry.npmjs.org/fflate/-/fflate-0.7.4.tgz 0ms (cache hit)
403 http cache fast-json-stable-stringify@https://registry.npmjs.org/fast-json-stable-stringify/-/fast-json-stable-stringify-2.1.0.tgz 0ms (cache hit)
404 http cache fast-levenshtein@https://registry.npmjs.org/fast-levenshtein/-/fast-levenshtein-2.0.6.tgz 0ms (cache hit)
405 http cache eventemitter3@https://registry.npmjs.org/eventemitter3/-/eventemitter3-5.0.4.tgz 0ms (cache hit)
406 http cache fast-deep-equal@https://registry.npmjs.org/fast-deep-equal/-/fast-deep-equal-3.1.3.tgz 0ms (cache hit)
407 http cache events@https://registry.npmjs.org/events/-/events-3.3.0.tgz 0ms (cache hit)
408 http cache esutils@https://registry.npmjs.org/esutils/-/esutils-2.0.3.tgz 0ms (cache hit)
409 http cache estree-walker@https://registry.npmjs.org/estree-walker/-/estree-walker-3.0.3.tgz 0ms (cache hit)
410 http cache estraverse@https://registry.npmjs.org/estraverse/-/estraverse-5.3.0.tgz 0ms (cache hit)
411 http cache esrecurse@https://registry.npmjs.org/esrecurse/-/esrecurse-4.3.0.tgz 0ms (cache hit)
412 http cache eslint-visitor-keys@https://registry.npmjs.org/eslint-visitor-keys/-/eslint-visitor-keys-4.2.1.tgz 0ms (cache hit)
413 http cache esquery@https://registry.npmjs.org/esquery/-/esquery-1.7.0.tgz 0ms (cache hit)
414 http cache eslint-plugin-react-hooks@https://registry.npmjs.org/eslint-plugin-react-hooks/-/eslint-plugin-react-hooks-7.1.1.tgz 0ms (cache hit)
415 http cache eslint-scope@https://registry.npmjs.org/eslint-scope/-/eslint-scope-8.4.0.tgz 0ms (cache hit)
416 http cache espree@https://registry.npmjs.org/espree/-/espree-10.4.0.tgz 0ms (cache hit)
417 http cache eslint-import-resolver-typescript@https://registry.npmjs.org/eslint-import-resolver-typescript/-/eslint-import-resolver-typescript-3.10.1.tgz 0ms (cache hit)
418 http cache eslint-config-next@https://registry.npmjs.org/eslint-config-next/-/eslint-config-next-16.2.6.tgz 0ms (cache hit)
419 http cache escalade@https://registry.npmjs.org/escalade/-/escalade-3.2.0.tgz 0ms (cache hit)
420 http cache escape-html@https://registry.npmjs.org/escape-html/-/escape-html-1.0.3.tgz 0ms (cache hit)
421 http cache eslint@https://registry.npmjs.org/eslint/-/eslint-9.39.4.tgz 0ms (cache hit)
422 http cache esbuild@https://registry.npmjs.org/esbuild/-/esbuild-0.28.0.tgz 0ms (cache hit)
423 http cache escape-string-regexp@https://registry.npmjs.org/escape-string-regexp/-/escape-string-regexp-4.0.0.tgz 0ms (cache hit)
424 http cache es-set-tostringtag@https://registry.npmjs.org/es-set-tostringtag/-/es-set-tostringtag-2.1.0.tgz 0ms (cache hit)
425 http cache es-to-primitive@https://registry.npmjs.org/es-to-primitive/-/es-to-primitive-1.3.0.tgz 0ms (cache hit)
426 http cache es-shim-unscopables@https://registry.npmjs.org/es-shim-unscopables/-/es-shim-unscopables-1.1.0.tgz 0ms (cache hit)
427 http cache es-errors@https://registry.npmjs.org/es-errors/-/es-errors-1.3.0.tgz 0ms (cache hit)
428 http cache es-module-lexer@https://registry.npmjs.org/es-module-lexer/-/es-module-lexer-2.1.0.tgz 0ms (cache hit)
429 http cache emoji-regex@https://registry.npmjs.org/emoji-regex/-/emoji-regex-9.2.2.tgz 0ms (cache hit)
430 http cache es-define-property@https://registry.npmjs.org/es-define-property/-/es-define-property-1.0.1.tgz 0ms (cache hit)
431 http cache es-object-atoms@https://registry.npmjs.org/es-object-atoms/-/es-object-atoms-1.1.1.tgz 0ms (cache hit)
432 http cache emoji-regex-xs@https://registry.npmjs.org/emoji-regex-xs/-/emoji-regex-xs-2.0.1.tgz 0ms (cache hit)
433 http cache dunder-proto@https://registry.npmjs.org/dunder-proto/-/dunder-proto-1.0.1.tgz 0ms (cache hit)
434 http cache embla-carousel-react@https://registry.npmjs.org/embla-carousel-react/-/embla-carousel-react-8.6.0.tgz 0ms (cache hit)
435 http cache drizzle-kit@https://registry.npmjs.org/drizzle-kit/-/drizzle-kit-0.31.10.tgz 0ms (cache hit)
436 http cache doctrine@https://registry.npmjs.org/doctrine/-/doctrine-2.1.0.tgz 0ms (cache hit)
437 http cache electron-to-chromium@https://registry.npmjs.org/electron-to-chromium/-/electron-to-chromium-1.5.358.tgz 0ms (cache hit)
438 http cache drizzle-orm@https://registry.npmjs.org/drizzle-orm/-/drizzle-orm-0.45.2.tgz 0ms (cache hit)
439 http cache detect-node-es@https://registry.npmjs.org/detect-node-es/-/detect-node-es-1.1.0.tgz 0ms (cache hit)
440 http cache detect-libc@https://registry.npmjs.org/detect-libc/-/detect-libc-2.1.2.tgz 0ms (cache hit)
441 http cache decimal.js-light@https://registry.npmjs.org/decimal.js-light/-/decimal.js-light-2.5.1.tgz 0ms (cache hit)
442 http cache define-properties@https://registry.npmjs.org/define-properties/-/define-properties-1.2.1.tgz 0ms (cache hit)
443 http cache define-data-property@https://registry.npmjs.org/define-data-property/-/define-data-property-1.1.4.tgz 0ms (cache hit)
444 http cache deep-is@https://registry.npmjs.org/deep-is/-/deep-is-0.1.4.tgz 0ms (cache hit)
445 http cache debug@https://registry.npmjs.org/debug/-/debug-4.4.3.tgz 0ms (cache hit)
446 http cache data-view-byte-length@https://registry.npmjs.org/data-view-byte-length/-/data-view-byte-length-1.0.2.tgz 0ms (cache hit)
447 http cache date-fns@https://registry.npmjs.org/date-fns/-/date-fns-4.4.0.tgz 0ms (cache hit)
448 http cache data-view-buffer@https://registry.npmjs.org/data-view-buffer/-/data-view-buffer-1.0.2.tgz 0ms (cache hit)
449 http cache data-view-byte-offset@https://registry.npmjs.org/data-view-byte-offset/-/data-view-byte-offset-1.0.1.tgz 0ms (cache hit)
450 http cache damerau-levenshtein@https://registry.npmjs.org/damerau-levenshtein/-/damerau-levenshtein-1.0.8.tgz 0ms (cache hit)
451 http cache d3-time-format@https://registry.npmjs.org/d3-time-format/-/d3-time-format-4.1.0.tgz 0ms (cache hit)
452 http cache d3-scale@https://registry.npmjs.org/d3-scale/-/d3-scale-4.0.2.tgz 0ms (cache hit)
453 http cache d3-timer@https://registry.npmjs.org/d3-timer/-/d3-timer-3.0.1.tgz 0ms (cache hit)
454 http cache d3-time@https://registry.npmjs.org/d3-time/-/d3-time-3.1.0.tgz 0ms (cache hit)
455 http cache d3-path@https://registry.npmjs.org/d3-path/-/d3-path-3.1.0.tgz 0ms (cache hit)
456 http cache d3-format@https://registry.npmjs.org/d3-format/-/d3-format-3.1.2.tgz 0ms (cache hit)
457 http cache csstype@https://registry.npmjs.org/csstype/-/csstype-3.2.3.tgz 0ms (cache hit)
458 http cache d3-ease@https://registry.npmjs.org/d3-ease/-/d3-ease-3.0.1.tgz 0ms (cache hit)
459 http cache css-gradient-parser@https://registry.npmjs.org/css-gradient-parser/-/css-gradient-parser-0.0.16.tgz 0ms (cache hit)
460 http cache d3-color@https://registry.npmjs.org/d3-color/-/d3-color-3.1.0.tgz 0ms (cache hit)
461 http cache css-color-keywords@https://registry.npmjs.org/css-color-keywords/-/css-color-keywords-1.0.0.tgz 0ms (cache hit)
462 http cache css-background-parser@https://registry.npmjs.org/css-background-parser/-/css-background-parser-0.1.0.tgz 0ms (cache hit)
463 http cache concat-map@https://registry.npmjs.org/concat-map/-/concat-map-0.0.1.tgz 0ms (cache hit)
464 http cache css-box-shadow@https://registry.npmjs.org/css-box-shadow/-/css-box-shadow-1.0.0-3.tgz 0ms (cache hit)
465 http cache convert-source-map@https://registry.npmjs.org/convert-source-map/-/convert-source-map-2.0.0.tgz 0ms (cache hit)
466 http cache commander@https://registry.npmjs.org/commander/-/commander-2.20.3.tgz 0ms (cache hit)
467 http cache color-name@https://registry.npmjs.org/color-name/-/color-name-1.1.4.tgz 0ms (cache hit)
468 http cache clsx@https://registry.npmjs.org/clsx/-/clsx-2.1.1.tgz 0ms (cache hit)
469 http cache color-convert@https://registry.npmjs.org/color-convert/-/color-convert-2.0.1.tgz 0ms (cache hit)
470 http cache client-only@https://registry.npmjs.org/client-only/-/client-only-0.0.1.tgz 0ms (cache hit)
471 http cache cmdk@https://registry.npmjs.org/cmdk/-/cmdk-1.1.1.tgz 0ms (cache hit)
472 http cache class-variance-authority@https://registry.npmjs.org/class-variance-authority/-/class-variance-authority-0.7.1.tgz 0ms (cache hit)
473 http cache chalk@https://registry.npmjs.org/chalk/-/chalk-4.1.2.tgz 0ms (cache hit)
474 http cache chrome-trace-event@https://registry.npmjs.org/chrome-trace-event/-/chrome-trace-event-1.0.4.tgz 0ms (cache hit)
475 http cache callsites@https://registry.npmjs.org/callsites/-/callsites-3.1.0.tgz 0ms (cache hit)
476 http cache camelize@https://registry.npmjs.org/camelize/-/camelize-1.0.1.tgz 0ms (cache hit)
477 http cache call-bound@https://registry.npmjs.org/call-bound/-/call-bound-1.0.4.tgz 0ms (cache hit)
478 http cache call-bind@https://registry.npmjs.org/call-bind/-/call-bind-1.0.9.tgz 0ms (cache hit)
479 http cache buffer-from@https://registry.npmjs.org/buffer-from/-/buffer-from-1.1.2.tgz 0ms (cache hit)
480 http cache call-bind-apply-helpers@https://registry.npmjs.org/call-bind-apply-helpers/-/call-bind-apply-helpers-1.0.2.tgz 0ms (cache hit)
481 http cache browserslist@https://registry.npmjs.org/browserslist/-/browserslist-4.28.2.tgz 0ms (cache hit)
482 http cache braces@https://registry.npmjs.org/braces/-/braces-3.0.3.tgz 0ms (cache hit)
483 http cache brace-expansion@https://registry.npmjs.org/brace-expansion/-/brace-expansion-1.1.14.tgz 0ms (cache hit)
484 http cache base64-js@https://registry.npmjs.org/base64-js/-/base64-js-0.0.8.tgz 0ms (cache hit)
485 http cache balanced-match@https://registry.npmjs.org/balanced-match/-/balanced-match-1.0.2.tgz 0ms (cache hit)
486 http cache bowser@https://registry.npmjs.org/bowser/-/bowser-2.14.1.tgz 0ms (cache hit)
487 http cache baseline-browser-mapping@https://registry.npmjs.org/baseline-browser-mapping/-/baseline-browser-mapping-2.10.30.tgz 0ms (cache hit)
488 http cache axe-core@https://registry.npmjs.org/axe-core/-/axe-core-4.11.4.tgz 0ms (cache hit)
489 http cache available-typed-arrays@https://registry.npmjs.org/available-typed-arrays/-/available-typed-arrays-1.0.7.tgz 0ms (cache hit)
490 http cache arraybuffer.prototype.slice@https://registry.npmjs.org/arraybuffer.prototype.slice/-/arraybuffer.prototype.slice-1.0.4.tgz 0ms (cache hit)
491 http cache array.prototype.tosorted@https://registry.npmjs.org/array.prototype.tosorted/-/array.prototype.tosorted-1.1.4.tgz 0ms (cache hit)
492 http cache ast-types-flow@https://registry.npmjs.org/ast-types-flow/-/ast-types-flow-0.0.8.tgz 0ms (cache hit)
493 http cache array.prototype.flatmap@https://registry.npmjs.org/array.prototype.flatmap/-/array.prototype.flatmap-1.3.3.tgz 0ms (cache hit)
494 http cache async-function@https://registry.npmjs.org/async-function/-/async-function-1.0.0.tgz 0ms (cache hit)
495 http cache array.prototype.flat@https://registry.npmjs.org/array.prototype.flat/-/array.prototype.flat-1.3.3.tgz 0ms (cache hit)
496 http cache array.prototype.findlast@https://registry.npmjs.org/array.prototype.findlast/-/array.prototype.findlast-1.2.5.tgz 0ms (cache hit)
497 http cache array-buffer-byte-length@https://registry.npmjs.org/array-buffer-byte-length/-/array-buffer-byte-length-1.0.2.tgz 0ms (cache hit)
498 http cache array.prototype.findlastindex@https://registry.npmjs.org/array.prototype.findlastindex/-/array.prototype.findlastindex-1.2.6.tgz 0ms (cache hit)
499 http cache array-includes@https://registry.npmjs.org/array-includes/-/array-includes-3.1.9.tgz 0ms (cache hit)
500 http cache argparse@https://registry.npmjs.org/argparse/-/argparse-2.0.1.tgz 0ms (cache hit)
501 http cache ansi-styles@https://registry.npmjs.org/ansi-styles/-/ansi-styles-4.3.0.tgz 0ms (cache hit)
502 http cache acorn-jsx@https://registry.npmjs.org/acorn-jsx/-/acorn-jsx-5.3.2.tgz 0ms (cache hit)
503 http cache ajv-formats@https://registry.npmjs.org/ajv-formats/-/ajv-formats-2.1.1.tgz 0ms (cache hit)
504 http cache acorn-import-phases@https://registry.npmjs.org/acorn-import-phases/-/acorn-import-phases-1.0.4.tgz 0ms (cache hit)
505 http cache acorn-loose@https://registry.npmjs.org/acorn-loose/-/acorn-loose-8.5.2.tgz 0ms (cache hit)
506 http cache acorn@https://registry.npmjs.org/acorn/-/acorn-8.16.0.tgz 0ms (cache hit)
507 http cache @xtuc/long@https://registry.npmjs.org/@xtuc/long/-/long-4.2.2.tgz 0ms (cache hit)
508 http cache @xtuc/ieee754@https://registry.npmjs.org/@xtuc/ieee754/-/ieee754-1.2.0.tgz 0ms (cache hit)
509 http cache @webassemblyjs/wasm-opt@https://registry.npmjs.org/@webassemblyjs/wasm-opt/-/wasm-opt-1.14.1.tgz 0ms (cache hit)
510 http cache @webassemblyjs/wast-printer@https://registry.npmjs.org/@webassemblyjs/wast-printer/-/wast-printer-1.14.1.tgz 0ms (cache hit)
511 http cache @webassemblyjs/wasm-edit@https://registry.npmjs.org/@webassemblyjs/wasm-edit/-/wasm-edit-1.14.1.tgz 0ms (cache hit)
512 http cache @webassemblyjs/helper-wasm-section@https://registry.npmjs.org/@webassemblyjs/helper-wasm-section/-/helper-wasm-section-1.14.1.tgz 0ms (cache hit)
513 http cache @webassemblyjs/leb128@https://registry.npmjs.org/@webassemblyjs/leb128/-/leb128-1.13.2.tgz 0ms (cache hit)
514 http cache @webassemblyjs/utf8@https://registry.npmjs.org/@webassemblyjs/utf8/-/utf8-1.13.2.tgz 0ms (cache hit)
515 http cache @webassemblyjs/ieee754@https://registry.npmjs.org/@webassemblyjs/ieee754/-/ieee754-1.13.2.tgz 0ms (cache hit)
516 http cache @webassemblyjs/helper-wasm-bytecode@https://registry.npmjs.org/@webassemblyjs/helper-wasm-bytecode/-/helper-wasm-bytecode-1.13.2.tgz 0ms (cache hit)
517 http cache @webassemblyjs/helper-numbers@https://registry.npmjs.org/@webassemblyjs/helper-numbers/-/helper-numbers-1.13.2.tgz 0ms (cache hit)
518 http cache @webassemblyjs/helper-buffer@https://registry.npmjs.org/@webassemblyjs/helper-buffer/-/helper-buffer-1.14.1.tgz 0ms (cache hit)
519 http cache @webassemblyjs/helper-api-error@https://registry.npmjs.org/@webassemblyjs/helper-api-error/-/helper-api-error-1.13.2.tgz 0ms (cache hit)
520 http cache @webassemblyjs/floating-point-hex-parser@https://registry.npmjs.org/@webassemblyjs/floating-point-hex-parser/-/floating-point-hex-parser-1.13.2.tgz 0ms (cache hit)
521 http cache @vitejs/plugin-react@https://registry.npmjs.org/@vitejs/plugin-react/-/plugin-react-6.0.2.tgz 0ms (cache hit)
522 http cache @vercel/og@https://registry.npmjs.org/@vercel/og/-/og-0.8.6.tgz 0ms (cache hit)
523 http cache @unpic/core@https://registry.npmjs.org/@unpic/core/-/core-1.0.3.tgz 0ms (cache hit)
524 http cache @vitejs/plugin-rsc@https://registry.npmjs.org/@vitejs/plugin-rsc/-/plugin-rsc-0.5.26.tgz 0ms (cache hit)
525 http cache @unrs/resolver-binding-win32-x64-msvc@https://registry.npmjs.org/@unrs/resolver-binding-win32-x64-msvc/-/resolver-binding-win32-x64-msvc-1.11.1.tgz 0ms (cache hit)
526 http cache @typescript-eslint/project-service@https://registry.npmjs.org/@typescript-eslint/project-service/-/project-service-8.59.3.tgz 0ms (cache hit)
527 http cache @typescript-eslint/tsconfig-utils@https://registry.npmjs.org/@typescript-eslint/tsconfig-utils/-/tsconfig-utils-8.59.3.tgz 0ms (cache hit)
528 http cache @typescript-eslint/parser@https://registry.npmjs.org/@typescript-eslint/parser/-/parser-8.59.3.tgz 0ms (cache hit)
529 http cache @types/use-sync-external-store@https://registry.npmjs.org/@types/use-sync-external-store/-/use-sync-external-store-0.0.6.tgz 0ms (cache hit)
530 http cache @types/react@https://registry.npmjs.org/@types/react/-/react-19.2.14.tgz 0ms (cache hit)
531 http cache @types/react-dom@https://registry.npmjs.org/@types/react-dom/-/react-dom-19.2.3.tgz 0ms (cache hit)
532 http cache @types/json5@https://registry.npmjs.org/@types/json5/-/json5-0.0.29.tgz 0ms (cache hit)
533 http cache @types/node@https://registry.npmjs.org/@types/node/-/node-22.19.19.tgz 0ms (cache hit)
534 http cache @types/estree@https://registry.npmjs.org/@types/estree/-/estree-1.0.9.tgz 0ms (cache hit)
535 http cache @types/json-schema@https://registry.npmjs.org/@types/json-schema/-/json-schema-7.0.15.tgz 0ms (cache hit)
536 http cache @types/eslint-scope@https://registry.npmjs.org/@types/eslint-scope/-/eslint-scope-3.7.7.tgz 0ms (cache hit)
537 http cache @types/eslint@https://registry.npmjs.org/@types/eslint/-/eslint-9.6.1.tgz 0ms (cache hit)
538 http cache @types/d3-time@https://registry.npmjs.org/@types/d3-time/-/d3-time-3.0.4.tgz 0ms (cache hit)
539 http cache @types/d3-timer@https://registry.npmjs.org/@types/d3-timer/-/d3-timer-3.0.2.tgz 0ms (cache hit)
540 http cache @types/d3-shape@https://registry.npmjs.org/@types/d3-shape/-/d3-shape-3.1.8.tgz 0ms (cache hit)
541 http cache @types/d3-path@https://registry.npmjs.org/@types/d3-path/-/d3-path-3.1.1.tgz 0ms (cache hit)
542 http cache @types/d3-scale@https://registry.npmjs.org/@types/d3-scale/-/d3-scale-4.0.9.tgz 0ms (cache hit)
543 http cache @types/d3-interpolate@https://registry.npmjs.org/@types/d3-interpolate/-/d3-interpolate-3.0.4.tgz 0ms (cache hit)
544 http cache @types/d3-color@https://registry.npmjs.org/@types/d3-color/-/d3-color-3.1.3.tgz 0ms (cache hit)
545 http cache @types/d3-array@https://registry.npmjs.org/@types/d3-array/-/d3-array-3.2.2.tgz 0ms (cache hit)
546 http cache @types/d3-ease@https://registry.npmjs.org/@types/d3-ease/-/d3-ease-3.0.2.tgz 0ms (cache hit)
547 http cache @tailwindcss/postcss@https://registry.npmjs.org/@tailwindcss/postcss/-/postcss-4.2.1.tgz 0ms (cache hit)
548 http cache @tailwindcss/oxide@https://registry.npmjs.org/@tailwindcss/oxide/-/oxide-4.2.1.tgz 0ms (cache hit)
549 http cache @tailwindcss/node@https://registry.npmjs.org/@tailwindcss/node/-/node-4.2.1.tgz 0ms (cache hit)
550 http cache @standard-schema/utils@https://registry.npmjs.org/@standard-schema/utils/-/utils-0.3.0.tgz 0ms (cache hit)
551 http cache @shadcn/react@https://registry.npmjs.org/@shadcn/react/-/react-0.3.0.tgz 0ms (cache hit)
552 http cache @standard-schema/spec@https://registry.npmjs.org/@standard-schema/spec/-/spec-1.1.0.tgz 0ms (cache hit)
553 http cache @resvg/resvg-wasm@https://registry.npmjs.org/@resvg/resvg-wasm/-/resvg-wasm-2.4.0.tgz 0ms (cache hit)
554 http cache @rtsao/scc@https://registry.npmjs.org/@rtsao/scc/-/scc-1.1.0.tgz 0ms (cache hit)
555 http cache @radix-ui/rect@https://registry.npmjs.org/@radix-ui/rect/-/rect-1.1.3.tgz 0ms (cache hit)
556 http cache @radix-ui/react-visually-hidden@https://registry.npmjs.org/@radix-ui/react-visually-hidden/-/react-visually-hidden-1.2.11.tgz 0ms (cache hit)
557 http cache @radix-ui/react-use-previous@https://registry.npmjs.org/@radix-ui/react-use-previous/-/react-use-previous-1.1.4.tgz 0ms (cache hit)
558 http cache @radix-ui/react-use-size@https://registry.npmjs.org/@radix-ui/react-use-size/-/react-use-size-1.1.4.tgz 0ms (cache hit)
559 http cache @radix-ui/react-use-rect@https://registry.npmjs.org/@radix-ui/react-use-rect/-/react-use-rect-1.1.4.tgz 0ms (cache hit)
560 http cache @radix-ui/react-use-is-hydrated@https://registry.npmjs.org/@radix-ui/react-use-is-hydrated/-/react-use-is-hydrated-0.1.3.tgz 0ms (cache hit)
561 http cache @radix-ui/react-use-layout-effect@https://registry.npmjs.org/@radix-ui/react-use-layout-effect/-/react-use-layout-effect-1.1.4.tgz 0ms (cache hit)
562 http cache @radix-ui/react-use-controllable-state@https://registry.npmjs.org/@radix-ui/react-use-controllable-state/-/react-use-controllable-state-1.2.6.tgz 0ms (cache hit)
563 http cache @radix-ui/react-use-effect-event@https://registry.npmjs.org/@radix-ui/react-use-effect-event/-/react-use-effect-event-0.0.5.tgz 0ms (cache hit)
564 http cache @radix-ui/react-use-escape-keydown@https://registry.npmjs.org/@radix-ui/react-use-escape-keydown/-/react-use-escape-keydown-1.1.5.tgz 0ms (cache hit)
565 http cache @radix-ui/react-toolbar@https://registry.npmjs.org/@radix-ui/react-toolbar/-/react-toolbar-1.1.19.tgz 0ms (cache hit)
566 http cache @radix-ui/react-use-callback-ref@https://registry.npmjs.org/@radix-ui/react-use-callback-ref/-/react-use-callback-ref-1.1.4.tgz 0ms (cache hit)
567 http cache @radix-ui/react-tabs@https://registry.npmjs.org/@radix-ui/react-tabs/-/react-tabs-1.1.21.tgz 0ms (cache hit)
568 http cache @radix-ui/react-toggle@https://registry.npmjs.org/@radix-ui/react-toggle/-/react-toggle-1.1.18.tgz 0ms (cache hit)
569 http cache @radix-ui/react-separator@https://registry.npmjs.org/@radix-ui/react-separator/-/react-separator-1.1.15.tgz 0ms (cache hit)
570 http cache @radix-ui/react-toggle-group@https://registry.npmjs.org/@radix-ui/react-toggle-group/-/react-toggle-group-1.1.19.tgz 0ms (cache hit)
571 http cache @radix-ui/react-progress@https://registry.npmjs.org/@radix-ui/react-progress/-/react-progress-1.1.16.tgz 0ms (cache hit)
572 http cache @radix-ui/react-id@https://registry.npmjs.org/@radix-ui/react-id/-/react-id-1.1.4.tgz 0ms (cache hit)
573 http cache @radix-ui/react-presence@https://registry.npmjs.org/@radix-ui/react-presence/-/react-presence-1.1.10.tgz 0ms (cache hit)
574 http cache @radix-ui/react-label@https://registry.npmjs.org/@radix-ui/react-label/-/react-label-2.1.15.tgz 0ms (cache hit)
575 http cache @radix-ui/react-portal@https://registry.npmjs.org/@radix-ui/react-portal/-/react-portal-1.1.17.tgz 0ms (cache hit)
576 http cache @radix-ui/react-focus-guards@https://registry.npmjs.org/@radix-ui/react-focus-guards/-/react-focus-guards-1.1.6.tgz 0ms (cache hit)
577 http cache @radix-ui/react-context-menu@https://registry.npmjs.org/@radix-ui/react-context-menu/-/react-context-menu-2.3.7.tgz 0ms (cache hit)
578 http cache @radix-ui/react-compose-refs@https://registry.npmjs.org/@radix-ui/react-compose-refs/-/react-compose-refs-1.1.2.tgz 0ms (cache hit)
579 http cache @radix-ui/react-direction@https://registry.npmjs.org/@radix-ui/react-direction/-/react-direction-1.1.4.tgz 0ms (cache hit)
580 http cache @radix-ui/react-context@https://registry.npmjs.org/@radix-ui/react-context/-/react-context-1.2.2.tgz 0ms (cache hit)
581 http cache @radix-ui/react-avatar@https://registry.npmjs.org/@radix-ui/react-avatar/-/react-avatar-1.2.6.tgz 0ms (cache hit)
582 http cache @radix-ui/react-aspect-ratio@https://registry.npmjs.org/@radix-ui/react-aspect-ratio/-/react-aspect-ratio-1.1.15.tgz 0ms (cache hit)
583 http cache @radix-ui/number@https://registry.npmjs.org/@radix-ui/number/-/number-1.1.3.tgz 0ms (cache hit)
584 http cache @radix-ui/react-arrow@https://registry.npmjs.org/@radix-ui/react-arrow/-/react-arrow-1.1.15.tgz 0ms (cache hit)
585 http cache @oxc-project/types@https://registry.npmjs.org/@oxc-project/types/-/types-0.130.0.tgz 0ms (cache hit)
586 http cache @radix-ui/react-accessible-icon@https://registry.npmjs.org/@radix-ui/react-accessible-icon/-/react-accessible-icon-1.1.15.tgz 0ms (cache hit)
587 http cache @nolyfill/is-core-module@https://registry.npmjs.org/@nolyfill/is-core-module/-/is-core-module-1.0.39.tgz 0ms (cache hit)
588 http cache @next/env@https://registry.npmjs.org/@next/env/-/env-16.2.6.tgz 0ms (cache hit)
589 http cache @napi-rs/canvas@https://registry.npmjs.org/@napi-rs/canvas/-/canvas-1.0.8.tgz 0ms (cache hit)
590 http cache @next/swc-win32-x64-msvc@https://registry.npmjs.org/@next/swc-win32-x64-msvc/-/swc-win32-x64-msvc-16.2.6.tgz 0ms (cache hit)
591 http cache @napi-rs/canvas-win32-x64-msvc@https://registry.npmjs.org/@napi-rs/canvas-win32-x64-msvc/-/canvas-win32-x64-msvc-1.0.8.tgz 0ms (cache hit)
592 http cache @jridgewell/trace-mapping@https://registry.npmjs.org/@jridgewell/trace-mapping/-/trace-mapping-0.3.31.tgz 0ms (cache hit)
593 http cache @jridgewell/sourcemap-codec@https://registry.npmjs.org/@jridgewell/sourcemap-codec/-/sourcemap-codec-1.5.5.tgz 0ms (cache hit)
594 http cache @img/sharp-win32-x64@https://registry.npmjs.org/@img/sharp-win32-x64/-/sharp-win32-x64-0.34.5.tgz 0ms (cache hit)
595 http cache @jridgewell/source-map@https://registry.npmjs.org/@jridgewell/source-map/-/source-map-0.3.11.tgz 0ms (cache hit)
596 http cache @img/colour@https://registry.npmjs.org/@img/colour/-/colour-1.1.0.tgz 0ms (cache hit)
597 http cache @jridgewell/remapping@https://registry.npmjs.org/@jridgewell/remapping/-/remapping-2.3.5.tgz 0ms (cache hit)
598 http cache @humanwhocodes/retry@https://registry.npmjs.org/@humanwhocodes/retry/-/retry-0.4.3.tgz 0ms (cache hit)
599 http cache @humanfs/types@https://registry.npmjs.org/@humanfs/types/-/types-0.15.0.tgz 0ms (cache hit)
600 http cache @humanwhocodes/module-importer@https://registry.npmjs.org/@humanwhocodes/module-importer/-/module-importer-1.0.1.tgz 0ms (cache hit)
601 http cache @humanfs/core@https://registry.npmjs.org/@humanfs/core/-/core-0.19.2.tgz 0ms (cache hit)
602 http cache @humanfs/node@https://registry.npmjs.org/@humanfs/node/-/node-0.16.8.tgz 0ms (cache hit)
603 http cache @hookform/resolvers@https://registry.npmjs.org/@hookform/resolvers/-/resolvers-5.7.1.tgz 0ms (cache hit)
604 http cache @floating-ui/react-dom@https://registry.npmjs.org/@floating-ui/react-dom/-/react-dom-2.1.9.tgz 0ms (cache hit)
605 http cache @floating-ui/dom@https://registry.npmjs.org/@floating-ui/dom/-/dom-1.8.0.tgz 0ms (cache hit)
606 http cache @floating-ui/utils@https://registry.npmjs.org/@floating-ui/utils/-/utils-0.2.12.tgz 0ms (cache hit)
607 http cache @floating-ui/core@https://registry.npmjs.org/@floating-ui/core/-/core-1.8.0.tgz 0ms (cache hit)
608 http cache @eslint-community/regexpp@https://registry.npmjs.org/@eslint-community/regexpp/-/regexpp-4.12.2.tgz 0ms (cache hit)
609 http cache @esbuild/win32-x64@https://registry.npmjs.org/@esbuild/win32-x64/-/win32-x64-0.28.0.tgz 0ms (cache hit)
610 http cache @date-fns/tz@https://registry.npmjs.org/@date-fns/tz/-/tz-1.5.0.tgz 0ms (cache hit)
611 http cache @base-ui/utils@https://registry.npmjs.org/@base-ui/utils/-/utils-0.3.2.tgz 0ms (cache hit)
612 http cache @esbuild-kit/esm-loader@https://registry.npmjs.org/@esbuild-kit/esm-loader/-/esm-loader-2.6.5.tgz 0ms (cache hit)
613 http cache @drizzle-team/brocli@https://registry.npmjs.org/@drizzle-team/brocli/-/brocli-0.10.2.tgz 0ms (cache hit)
614 http cache @base-ui/react@https://registry.npmjs.org/@base-ui/react/-/react-1.7.0.tgz 0ms (cache hit)
615 http cache @babel/template@https://registry.npmjs.org/@babel/template/-/template-7.28.6.tgz 0ms (cache hit)
616 http cache @babel/parser@https://registry.npmjs.org/@babel/parser/-/parser-7.29.3.tgz 0ms (cache hit)
617 http cache @babel/helper-validator-option@https://registry.npmjs.org/@babel/helper-validator-option/-/helper-validator-option-7.27.1.tgz 0ms (cache hit)
618 http cache @babel/helper-string-parser@https://registry.npmjs.org/@babel/helper-string-parser/-/helper-string-parser-7.27.1.tgz 0ms (cache hit)
619 http cache @babel/helper-validator-identifier@https://registry.npmjs.org/@babel/helper-validator-identifier/-/helper-validator-identifier-7.28.5.tgz 0ms (cache hit)
620 http cache @babel/helper-globals@https://registry.npmjs.org/@babel/helper-globals/-/helper-globals-7.28.0.tgz 0ms (cache hit)
621 http cache @babel/helper-compilation-targets@https://registry.npmjs.org/@babel/helper-compilation-targets/-/helper-compilation-targets-7.28.6.tgz 0ms (cache hit)
622 http cache @babel/helper-module-transforms@https://registry.npmjs.org/@babel/helper-module-transforms/-/helper-module-transforms-7.28.6.tgz 0ms (cache hit)
623 http cache @babel/helper-module-imports@https://registry.npmjs.org/@babel/helper-module-imports/-/helper-module-imports-7.28.6.tgz 0ms (cache hit)
624 http cache @babel/compat-data@https://registry.npmjs.org/@babel/compat-data/-/compat-data-7.29.3.tgz 0ms (cache hit)
625 http cache @babel/code-frame@https://registry.npmjs.org/@babel/code-frame/-/code-frame-7.29.0.tgz 0ms (cache hit)
626 http cache @aws/lambda-invoke-store@https://registry.npmjs.org/@aws/lambda-invoke-store/-/lambda-invoke-store-0.3.0.tgz 0ms (cache hit)
627 http cache @alloc/quick-lru@https://registry.npmjs.org/@alloc/quick-lru/-/quick-lru-5.2.0.tgz 0ms (cache hit)
628 http cache @aws-sdk/client-s3@https://registry.npmjs.org/@aws-sdk/client-s3/-/client-s3-3.1131.0.tgz 0ms (cache hit)
629 http cache @webassemblyjs/ast@https://registry.npmjs.org/@webassemblyjs/ast/-/ast-1.14.1.tgz 0ms (cache hit)
630 http cache @typescript-eslint/visitor-keys@https://registry.npmjs.org/@typescript-eslint/visitor-keys/-/visitor-keys-8.59.3.tgz 0ms (cache hit)
631 http cache @webassemblyjs/wasm-parser@https://registry.npmjs.org/@webassemblyjs/wasm-parser/-/wasm-parser-1.14.1.tgz 0ms (cache hit)
632 http cache @webassemblyjs/wasm-gen@https://registry.npmjs.org/@webassemblyjs/wasm-gen/-/wasm-gen-1.14.1.tgz 0ms (cache hit)
633 http cache @unpic/react@https://registry.npmjs.org/@unpic/react/-/react-1.0.2.tgz 0ms (cache hit)
634 http cache @typescript-eslint/types@https://registry.npmjs.org/@typescript-eslint/types/-/types-8.59.3.tgz 0ms (cache hit)
635 http cache @typescript-eslint/type-utils@https://registry.npmjs.org/@typescript-eslint/type-utils/-/type-utils-8.59.3.tgz 0ms (cache hit)
636 http cache @tailwindcss/oxide-win32-x64-msvc@https://registry.npmjs.org/@tailwindcss/oxide-win32-x64-msvc/-/oxide-win32-x64-msvc-4.2.1.tgz 0ms (cache hit)
637 http cache @typescript-eslint/utils@https://registry.npmjs.org/@typescript-eslint/utils/-/utils-8.59.3.tgz 0ms (cache hit)
638 http cache @typescript-eslint/typescript-estree@https://registry.npmjs.org/@typescript-eslint/typescript-estree/-/typescript-estree-8.59.3.tgz 0ms (cache hit)
639 http cache @typescript-eslint/eslint-plugin@https://registry.npmjs.org/@typescript-eslint/eslint-plugin/-/eslint-plugin-8.59.3.tgz 0ms (cache hit)
640 http cache @typescript-eslint/scope-manager@https://registry.npmjs.org/@typescript-eslint/scope-manager/-/scope-manager-8.59.3.tgz 0ms (cache hit)
641 http cache @smithy/credential-provider-imds@https://registry.npmjs.org/@smithy/credential-provider-imds/-/credential-provider-imds-4.5.2.tgz 0ms (cache hit)
642 http cache @smithy/types@https://registry.npmjs.org/@smithy/types/-/types-4.18.0.tgz 0ms (cache hit)
643 http cache @smithy/signature-v4@https://registry.npmjs.org/@smithy/signature-v4/-/signature-v4-5.7.3.tgz 0ms (cache hit)
644 http cache @swc/helpers@https://registry.npmjs.org/@swc/helpers/-/helpers-0.5.15.tgz 0ms (cache hit)
645 http cache @smithy/node-http-handler@https://registry.npmjs.org/@smithy/node-http-handler/-/node-http-handler-4.12.1.tgz 0ms (cache hit)
646 http cache @smithy/fetch-http-handler@https://registry.npmjs.org/@smithy/fetch-http-handler/-/fetch-http-handler-5.8.0.tgz 0ms (cache hit)
647 http cache @reduxjs/toolkit@https://registry.npmjs.org/@reduxjs/toolkit/-/toolkit-2.12.0.tgz 0ms (cache hit)
648 http cache @smithy/core@https://registry.npmjs.org/@smithy/core/-/core-3.34.1.tgz 0ms (cache hit)
649 http cache @radix-ui/react-select@https://registry.npmjs.org/@radix-ui/react-select/-/react-select-2.3.7.tgz 0ms (cache hit)
650 http cache @rolldown/pluginutils@https://registry.npmjs.org/@rolldown/pluginutils/-/pluginutils-1.0.1.tgz 0ms (cache hit)
651 http cache @radix-ui/react-tooltip@https://registry.npmjs.org/@radix-ui/react-tooltip/-/react-tooltip-1.2.16.tgz 0ms (cache hit)
652 http cache @shuding/opentype.js@https://registry.npmjs.org/@shuding/opentype.js/-/opentype.js-1.4.0-beta.0.tgz 0ms (cache hit)
653 http cache @rolldown/binding-win32-x64-msvc@https://registry.npmjs.org/@rolldown/binding-win32-x64-msvc/-/binding-win32-x64-msvc-1.0.1.tgz 0ms (cache hit)
654 http cache @radix-ui/react-switch@https://registry.npmjs.org/@radix-ui/react-switch/-/react-switch-1.3.7.tgz 0ms (cache hit)
655 http cache @radix-ui/react-slider@https://registry.npmjs.org/@radix-ui/react-slider/-/react-slider-1.4.7.tgz 0ms (cache hit)
656 http cache @radix-ui/react-toast@https://registry.npmjs.org/@radix-ui/react-toast/-/react-toast-1.2.23.tgz 0ms (cache hit)
657 http cache @radix-ui/react-radio-group@https://registry.npmjs.org/@radix-ui/react-radio-group/-/react-radio-group-1.4.7.tgz 0ms (cache hit)
658 http cache @radix-ui/react-scroll-area@https://registry.npmjs.org/@radix-ui/react-scroll-area/-/react-scroll-area-1.2.18.tgz 0ms (cache hit)
659 http cache @radix-ui/react-roving-focus@https://registry.npmjs.org/@radix-ui/react-roving-focus/-/react-roving-focus-1.1.19.tgz 0ms (cache hit)
660 http cache @radix-ui/react-navigation-menu@https://registry.npmjs.org/@radix-ui/react-navigation-menu/-/react-navigation-menu-1.2.22.tgz 0ms (cache hit)
661 http cache @radix-ui/react-popper@https://registry.npmjs.org/@radix-ui/react-popper/-/react-popper-1.3.7.tgz 0ms (cache hit)
662 http cache @radix-ui/react-primitive@https://registry.npmjs.org/@radix-ui/react-primitive/-/react-primitive-2.1.10.tgz 0ms (cache hit)
663 http cache @radix-ui/react-one-time-password-field@https://registry.npmjs.org/@radix-ui/react-one-time-password-field/-/react-one-time-password-field-0.1.16.tgz 0ms (cache hit)
664 http cache @radix-ui/react-password-toggle-field@https://registry.npmjs.org/@radix-ui/react-password-toggle-field/-/react-password-toggle-field-0.1.11.tgz 0ms (cache hit)
665 http cache @radix-ui/react-menu@https://registry.npmjs.org/@radix-ui/react-menu/-/react-menu-2.1.24.tgz 0ms (cache hit)
666 http cache @radix-ui/react-menubar@https://registry.npmjs.org/@radix-ui/react-menubar/-/react-menubar-1.1.24.tgz 0ms (cache hit)
667 http cache @radix-ui/react-hover-card@https://registry.npmjs.org/@radix-ui/react-hover-card/-/react-hover-card-1.1.23.tgz 0ms (cache hit)
668 http cache @radix-ui/react-form@https://registry.npmjs.org/@radix-ui/react-form/-/react-form-0.1.16.tgz 0ms (cache hit)
669 http cache @radix-ui/react-popover@https://registry.npmjs.org/@radix-ui/react-popover/-/react-popover-1.1.23.tgz 0ms (cache hit)
670 http cache @radix-ui/react-dropdown-menu@https://registry.npmjs.org/@radix-ui/react-dropdown-menu/-/react-dropdown-menu-2.1.24.tgz 0ms (cache hit)
671 http cache @radix-ui/react-focus-scope@https://registry.npmjs.org/@radix-ui/react-focus-scope/-/react-focus-scope-1.1.16.tgz 0ms (cache hit)
672 http cache @radix-ui/react-dismissable-layer@https://registry.npmjs.org/@radix-ui/react-dismissable-layer/-/react-dismissable-layer-1.1.19.tgz 0ms (cache hit)
673 http cache @radix-ui/react-collection@https://registry.npmjs.org/@radix-ui/react-collection/-/react-collection-1.1.15.tgz 0ms (cache hit)
674 http cache @radix-ui/react-dialog@https://registry.npmjs.org/@radix-ui/react-dialog/-/react-dialog-1.1.23.tgz 0ms (cache hit)
675 http cache @radix-ui/react-alert-dialog@https://registry.npmjs.org/@radix-ui/react-alert-dialog/-/react-alert-dialog-1.1.23.tgz 0ms (cache hit)
676 http cache @radix-ui/react-collapsible@https://registry.npmjs.org/@radix-ui/react-collapsible/-/react-collapsible-1.1.20.tgz 0ms (cache hit)
677 http cache @radix-ui/react-checkbox@https://registry.npmjs.org/@radix-ui/react-checkbox/-/react-checkbox-1.3.11.tgz 0ms (cache hit)
678 http cache @radix-ui/react-accordion@https://registry.npmjs.org/@radix-ui/react-accordion/-/react-accordion-1.2.20.tgz 0ms (cache hit)
679 http cache @radix-ui/primitive@https://registry.npmjs.org/@radix-ui/primitive/-/primitive-1.1.7.tgz 0ms (cache hit)
680 http cache @nodelib/fs.walk@https://registry.npmjs.org/@nodelib/fs.walk/-/fs.walk-1.2.8.tgz 0ms (cache hit)
681 http cache @next/eslint-plugin-next@https://registry.npmjs.org/@next/eslint-plugin-next/-/eslint-plugin-next-16.2.6.tgz 0ms (cache hit)
682 http cache @nodelib/fs.stat@https://registry.npmjs.org/@nodelib/fs.stat/-/fs.stat-2.0.5.tgz 0ms (cache hit)
683 http cache @nodelib/fs.scandir@https://registry.npmjs.org/@nodelib/fs.scandir/-/fs.scandir-2.1.5.tgz 0ms (cache hit)
684 http cache @jridgewell/resolve-uri@https://registry.npmjs.org/@jridgewell/resolve-uri/-/resolve-uri-3.1.2.tgz 0ms (cache hit)
685 http cache @eslint-community/eslint-utils@https://registry.npmjs.org/@eslint-community/eslint-utils/-/eslint-utils-4.9.1.tgz 0ms (cache hit)
686 http cache @jridgewell/gen-mapping@https://registry.npmjs.org/@jridgewell/gen-mapping/-/gen-mapping-0.3.13.tgz 0ms (cache hit)
687 http cache @eslint/object-schema@https://registry.npmjs.org/@eslint/object-schema/-/object-schema-2.1.7.tgz 0ms (cache hit)
688 http cache @eslint/plugin-kit@https://registry.npmjs.org/@eslint/plugin-kit/-/plugin-kit-0.4.1.tgz 0ms (cache hit)
689 http cache @eslint/core@https://registry.npmjs.org/@eslint/core/-/core-0.17.0.tgz 0ms (cache hit)
690 http cache @eslint/js@https://registry.npmjs.org/@eslint/js/-/js-9.39.4.tgz 0ms (cache hit)
691 http cache @eslint/eslintrc@https://registry.npmjs.org/@eslint/eslintrc/-/eslintrc-3.3.5.tgz 0ms (cache hit)
692 http cache @eslint/config-helpers@https://registry.npmjs.org/@eslint/config-helpers/-/config-helpers-0.4.2.tgz 0ms (cache hit)
693 http cache @eslint/config-array@https://registry.npmjs.org/@eslint/config-array/-/config-array-0.21.2.tgz 0ms (cache hit)
694 http cache @esbuild-kit/core-utils@https://registry.npmjs.org/@esbuild-kit/core-utils/-/core-utils-3.3.2.tgz 0ms (cache hit)
695 http cache @babel/helpers@https://registry.npmjs.org/@babel/helpers/-/helpers-7.29.2.tgz 0ms (cache hit)
696 http cache @babel/traverse@https://registry.npmjs.org/@babel/traverse/-/traverse-7.29.0.tgz 0ms (cache hit)
697 http cache @babel/types@https://registry.npmjs.org/@babel/types/-/types-7.29.0.tgz 0ms (cache hit)
698 http cache @babel/core@https://registry.npmjs.org/@babel/core/-/core-7.29.0.tgz 0ms (cache hit)
699 http cache @babel/runtime@https://registry.npmjs.org/@babel/runtime/-/runtime-7.29.7.tgz 0ms (cache hit)
700 http cache @aws-sdk/types@https://registry.npmjs.org/@aws-sdk/types/-/types-3.974.5.tgz 0ms (cache hit)
701 http cache @aws-sdk/xml-builder@https://registry.npmjs.org/@aws-sdk/xml-builder/-/xml-builder-3.972.40.tgz 0ms (cache hit)
702 http cache @babel/generator@https://registry.npmjs.org/@babel/generator/-/generator-7.29.1.tgz 0ms (cache hit)
703 http cache @aws-sdk/credential-provider-sso@https://registry.npmjs.org/@aws-sdk/credential-provider-sso/-/credential-provider-sso-3.973.15.tgz 0ms (cache hit)
704 http cache @aws-sdk/nested-clients@https://registry.npmjs.org/@aws-sdk/nested-clients/-/nested-clients-3.997.45.tgz 0ms (cache hit)
705 http cache @aws-sdk/token-providers@https://registry.npmjs.org/@aws-sdk/token-providers/-/token-providers-3.1129.0.tgz 0ms (cache hit)
706 http cache @aws-sdk/credential-provider-env@https://registry.npmjs.org/@aws-sdk/credential-provider-env/-/credential-provider-env-3.972.71.tgz 0ms (cache hit)
707 http cache @aws-sdk/credential-provider-web-identity@https://registry.npmjs.org/@aws-sdk/credential-provider-web-identity/-/credential-provider-web-identity-3.972.77.tgz 0ms (cache hit)
708 http cache @aws-sdk/signature-v4-multi-region@https://registry.npmjs.org/@aws-sdk/signature-v4-multi-region/-/signature-v4-multi-region-3.996.46.tgz 0ms (cache hit)
709 http cache @aws-sdk/middleware-sdk-s3@https://registry.npmjs.org/@aws-sdk/middleware-sdk-s3/-/middleware-sdk-s3-3.972.76.tgz 0ms (cache hit)
710 http cache @aws-sdk/credential-provider-process@https://registry.npmjs.org/@aws-sdk/credential-provider-process/-/credential-provider-process-3.972.71.tgz 0ms (cache hit)
711 http cache @aws-sdk/credential-provider-login@https://registry.npmjs.org/@aws-sdk/credential-provider-login/-/credential-provider-login-3.972.78.tgz 0ms (cache hit)
712 http cache @aws-sdk/credential-provider-node@https://registry.npmjs.org/@aws-sdk/credential-provider-node/-/credential-provider-node-3.972.83.tgz 0ms (cache hit)
713 http cache @aws-sdk/credential-provider-ini@https://registry.npmjs.org/@aws-sdk/credential-provider-ini/-/credential-provider-ini-3.973.16.tgz 0ms (cache hit)
714 http cache yoga-layout@https://registry.npmjs.org/yoga-layout/-/yoga-layout-3.2.1.tgz 0ms (cache hit)
715 http cache @aws-sdk/checksums@https://registry.npmjs.org/@aws-sdk/checksums/-/checksums-3.1001.0.tgz 0ms (cache hit)
716 http cache web-vitals@https://registry.npmjs.org/web-vitals/-/web-vitals-4.2.4.tgz 0ms (cache hit)
717 http cache @aws-sdk/core@https://registry.npmjs.org/@aws-sdk/core/-/core-3.978.0.tgz 0ms (cache hit)
718 http cache @aws-sdk/credential-provider-http@https://registry.npmjs.org/@aws-sdk/credential-provider-http/-/credential-provider-http-3.972.73.tgz 0ms (cache hit)
719 http cache webpack@https://registry.npmjs.org/webpack/-/webpack-5.106.2.tgz 0ms (cache hit)
720 http cache vite-plugin-dynamic-import@https://registry.npmjs.org/vite-plugin-dynamic-import/-/vite-plugin-dynamic-import-1.6.0.tgz 0ms (cache hit)
721 http cache webpack-sources@https://registry.npmjs.org/webpack-sources/-/webpack-sources-3.4.1.tgz 0ms (cache hit)
722 http cache use-sync-external-store@https://registry.npmjs.org/use-sync-external-store/-/use-sync-external-store-1.6.0.tgz 0ms (cache hit)
723 http cache victory-vendor@https://registry.npmjs.org/victory-vendor/-/victory-vendor-37.3.6.tgz 0ms (cache hit)
724 http cache use-sidecar@https://registry.npmjs.org/use-sidecar/-/use-sidecar-1.1.3.tgz 0ms (cache hit)
725 http cache uri-js@https://registry.npmjs.org/uri-js/-/uri-js-4.4.1.tgz 0ms (cache hit)
726 http cache unpic@https://registry.npmjs.org/unpic/-/unpic-4.2.2.tgz 0ms (cache hit)
727 http cache use-callback-ref@https://registry.npmjs.org/use-callback-ref/-/use-callback-ref-1.3.3.tgz 0ms (cache hit)
728 http cache tiny-invariant@https://registry.npmjs.org/tiny-invariant/-/tiny-invariant-1.3.3.tgz 0ms (cache hit)
729 http cache tsx@https://registry.npmjs.org/tsx/-/tsx-4.22.1.tgz 0ms (cache hit)
730 http cache terser@https://registry.npmjs.org/terser/-/terser-5.47.1.tgz 0ms (cache hit)
731 http cache tinyglobby@https://registry.npmjs.org/tinyglobby/-/tinyglobby-0.2.16.tgz 0ms (cache hit)
732 http cache tsconfig-paths@https://registry.npmjs.org/tsconfig-paths/-/tsconfig-paths-3.15.0.tgz 0ms (cache hit)
733 http cache styled-jsx@https://registry.npmjs.org/styled-jsx/-/styled-jsx-5.1.6.tgz 0ms (cache hit)
734 http cache strip-literal@https://registry.npmjs.org/strip-literal/-/strip-literal-3.1.0.tgz 0ms (cache hit)
735 http cache string.prototype.includes@https://registry.npmjs.org/string.prototype.includes/-/string.prototype.includes-2.0.1.tgz 0ms (cache hit)
736 http cache react-style-singleton@https://registry.npmjs.org/react-style-singleton/-/react-style-singleton-2.2.3.tgz 0ms (cache hit)
737 http cache srvx@https://registry.npmjs.org/srvx/-/srvx-0.11.15.tgz 0ms (cache hit)
738 http cache sharp@https://registry.npmjs.org/sharp/-/sharp-0.34.5.tgz 0ms (cache hit)
739 http cache resolve@https://registry.npmjs.org/resolve/-/resolve-2.0.0-next.7.tgz 0ms (cache hit)
740 http cache reusify@https://registry.npmjs.org/reusify/-/reusify-1.1.0.tgz 0ms (cache hit)
741 http cache schema-utils@https://registry.npmjs.org/schema-utils/-/schema-utils-4.3.3.tgz 0ms (cache hit)
742 http cache rolldown@https://registry.npmjs.org/rolldown/-/rolldown-1.0.1.tgz 0ms (cache hit)
743 http cache redux-thunk@https://registry.npmjs.org/redux-thunk/-/redux-thunk-3.1.0.tgz 0ms (cache hit)
744 http cache react-remove-scroll@https://registry.npmjs.org/react-remove-scroll/-/react-remove-scroll-2.7.2.tgz 0ms (cache hit)
745 http cache reselect@https://registry.npmjs.org/reselect/-/reselect-5.2.0.tgz 0ms (cache hit)
746 http cache redux@https://registry.npmjs.org/redux/-/redux-5.0.1.tgz 0ms (cache hit)
747 http cache react-remove-scroll-bar@https://registry.npmjs.org/react-remove-scroll-bar/-/react-remove-scroll-bar-2.3.8.tgz 0ms (cache hit)
748 http cache react-redux@https://registry.npmjs.org/react-redux/-/react-redux-9.3.0.tgz 0ms (cache hit)
749 http cache language-subtag-registry@https://registry.npmjs.org/language-subtag-registry/-/language-subtag-registry-0.3.23.tgz 0ms (cache hit)
750 http cache object-inspect@https://registry.npmjs.org/object-inspect/-/object-inspect-1.13.4.tgz 0ms (cache hit)
751 http cache pako@https://registry.npmjs.org/pako/-/pako-0.2.9.tgz 0ms (cache hit)
752 http cache node-releases@https://registry.npmjs.org/node-releases/-/node-releases-2.0.44.tgz 0ms (cache hit)
753 http cache lightningcss-win32-x64-msvc@https://registry.npmjs.org/lightningcss-win32-x64-msvc/-/lightningcss-win32-x64-msvc-1.31.1.tgz 0ms (cache hit)
754 http cache jsx-ast-utils@https://registry.npmjs.org/jsx-ast-utils/-/jsx-ast-utils-3.3.5.tgz 0ms (cache hit)
755 http cache json-schema-traverse@https://registry.npmjs.org/json-schema-traverse/-/json-schema-traverse-1.0.0.tgz 0ms (cache hit)
756 http cache js-yaml@https://registry.npmjs.org/js-yaml/-/js-yaml-4.1.1.tgz 0ms (cache hit)
757 http cache jest-worker@https://registry.npmjs.org/jest-worker/-/jest-worker-27.5.1.tgz 0ms (cache hit)
758 http cache immer@https://registry.npmjs.org/immer/-/immer-10.2.0.tgz 0ms (cache hit)
759 http cache is-bun-module@https://registry.npmjs.org/is-bun-module/-/is-bun-module-2.0.0.tgz 0ms (cache hit)
760 http cache hermes-parser@https://registry.npmjs.org/hermes-parser/-/hermes-parser-0.25.1.tgz 0ms (cache hit)
761 http cache hermes-estree@https://registry.npmjs.org/hermes-estree/-/hermes-estree-0.25.1.tgz 0ms (cache hit)
762 http cache image-size@https://registry.npmjs.org/image-size/-/image-size-2.0.2.tgz 0ms (cache hit)
763 http cache has-symbols@https://registry.npmjs.org/has-symbols/-/has-symbols-1.1.0.tgz 0ms (cache hit)
764 http cache has-tostringtag@https://registry.npmjs.org/has-tostringtag/-/has-tostringtag-1.0.2.tgz 0ms (cache hit)
765 http cache get-nonce@https://registry.npmjs.org/get-nonce/-/get-nonce-1.0.1.tgz 0ms (cache hit)
766 http cache flatted@https://registry.npmjs.org/flatted/-/flatted-3.4.2.tgz 0ms (cache hit)
767 http cache fast-uri@https://registry.npmjs.org/fast-uri/-/fast-uri-3.1.2.tgz 0ms (cache hit)
768 http cache eslint-module-utils@https://registry.npmjs.org/eslint-module-utils/-/eslint-module-utils-2.12.1.tgz 0ms (cache hit)
769 http cache eslint-plugin-import@https://registry.npmjs.org/eslint-plugin-import/-/eslint-plugin-import-2.32.0.tgz 0ms (cache hit)
770 http cache fast-glob@https://registry.npmjs.org/fast-glob/-/fast-glob-3.3.1.tgz 0ms (cache hit)
771 http cache eslint-plugin-jsx-a11y@https://registry.npmjs.org/eslint-plugin-jsx-a11y/-/eslint-plugin-jsx-a11y-6.10.2.tgz 0ms (cache hit)
772 http cache embla-carousel-reactive-utils@https://registry.npmjs.org/embla-carousel-reactive-utils/-/embla-carousel-reactive-utils-8.6.0.tgz 0ms (cache hit)
773 http cache eslint-import-resolver-node@https://registry.npmjs.org/eslint-import-resolver-node/-/eslint-import-resolver-node-0.3.10.tgz 0ms (cache hit)
774 http cache eslint-plugin-react@https://registry.npmjs.org/eslint-plugin-react/-/eslint-plugin-react-7.37.5.tgz 0ms (cache hit)
775 http cache d3-interpolate@https://registry.npmjs.org/d3-interpolate/-/d3-interpolate-3.0.1.tgz 0ms (cache hit)
776 http cache es-iterator-helpers@https://registry.npmjs.org/es-iterator-helpers/-/es-iterator-helpers-1.3.2.tgz 0ms (cache hit)
777 http cache es-toolkit@https://registry.npmjs.org/es-toolkit/-/es-toolkit-1.50.0.tgz 0ms (cache hit)
778 http cache d3-shape@https://registry.npmjs.org/d3-shape/-/d3-shape-3.2.0.tgz 0ms (cache hit)
779 http cache es-abstract@https://registry.npmjs.org/es-abstract/-/es-abstract-1.24.2.tgz 0ms (cache hit)
780 http cache enhanced-resolve@https://registry.npmjs.org/enhanced-resolve/-/enhanced-resolve-5.21.3.tgz 0ms (cache hit)
781 http cache embla-carousel@https://registry.npmjs.org/embla-carousel/-/embla-carousel-8.6.0.tgz 0ms (cache hit)
782 http cache css-to-react-native@https://registry.npmjs.org/css-to-react-native/-/css-to-react-native-3.2.0.tgz 0ms (cache hit)
783 http cache cross-spawn@https://registry.npmjs.org/cross-spawn/-/cross-spawn-7.0.6.tgz 0ms (cache hit)
784 http cache caniuse-lite@https://registry.npmjs.org/caniuse-lite/-/caniuse-lite-1.0.30001793.tgz 0ms (cache hit)
785 http cache d3-array@https://registry.npmjs.org/d3-array/-/d3-array-3.2.4.tgz 0ms (cache hit)
786 http cache ajv@https://registry.npmjs.org/ajv/-/ajv-8.20.0.tgz 0ms (cache hit)
787 http cache axobject-query@https://registry.npmjs.org/axobject-query/-/axobject-query-4.1.0.tgz 0ms (cache hit)
788 http cache aria-query@https://registry.npmjs.org/aria-query/-/aria-query-5.3.2.tgz 0ms (cache hit)
789 http cache picomatch@https://registry.npmjs.org/picomatch/-/picomatch-4.0.4.tgz 0ms (cache hit)
790 http cache aria-hidden@https://registry.npmjs.org/aria-hidden/-/aria-hidden-1.2.6.tgz 0ms (cache hit)
791 http cache reselect@https://registry.npmjs.org/reselect/-/reselect-5.1.1.tgz 0ms (cache hit)
792 http cache lightningcss-win32-x64-msvc@https://registry.npmjs.org/lightningcss-win32-x64-msvc/-/lightningcss-win32-x64-msvc-1.32.0.tgz 0ms (cache hit)
793 http cache lightningcss@https://registry.npmjs.org/lightningcss/-/lightningcss-1.32.0.tgz 0ms (cache hit)
794 http cache @radix-ui/react-slot@https://registry.npmjs.org/@radix-ui/react-slot/-/react-slot-1.3.3.tgz 0ms (cache hit)
795 http cache globals@https://registry.npmjs.org/globals/-/globals-16.4.0.tgz 0ms (cache hit)
796 http cache @radix-ui/react-compose-refs@https://registry.npmjs.org/@radix-ui/react-compose-refs/-/react-compose-refs-1.1.5.tgz 0ms (cache hit)
797 http cache postcss@https://registry.npmjs.org/postcss/-/postcss-8.4.31.tgz 0ms (cache hit)
798 http cache ajv@https://registry.npmjs.org/ajv/-/ajv-6.15.0.tgz 0ms (cache hit)
799 http cache json-schema-traverse@https://registry.npmjs.org/json-schema-traverse/-/json-schema-traverse-0.4.1.tgz 0ms (cache hit)
800 http cache @esbuild/win32-x64@https://registry.npmjs.org/@esbuild/win32-x64/-/win32-x64-0.25.12.tgz 0ms (cache hit)
801 http cache eslint-scope@https://registry.npmjs.org/eslint-scope/-/eslint-scope-5.1.1.tgz 0ms (cache hit)
802 http cache esbuild@https://registry.npmjs.org/esbuild/-/esbuild-0.25.12.tgz 0ms (cache hit)
803 http cache estraverse@https://registry.npmjs.org/estraverse/-/estraverse-4.3.0.tgz 0ms (cache hit)
804 http cache @rolldown/pluginutils@https://registry.npmjs.org/@rolldown/pluginutils/-/pluginutils-1.0.0-rc.18.tgz 0ms (cache hit)
805 http cache glob-parent@https://registry.npmjs.org/glob-parent/-/glob-parent-5.1.2.tgz 0ms (cache hit)
806 http cache picomatch@https://registry.npmjs.org/picomatch/-/picomatch-4.0.4.tgz 0ms (cache hit)
807 http cache fast-glob@https://registry.npmjs.org/fast-glob/-/fast-glob-3.3.3.tgz 0ms (cache hit)
808 http cache json5@https://registry.npmjs.org/json5/-/json5-1.0.2.tgz 0ms (cache hit)
809 http cache js-tokens@https://registry.npmjs.org/js-tokens/-/js-tokens-9.0.1.tgz 0ms (cache hit)
810 http cache es-module-lexer@https://registry.npmjs.org/es-module-lexer/-/es-module-lexer-1.7.0.tgz 0ms (cache hit)
811 http cache semver@https://registry.npmjs.org/semver/-/semver-7.8.0.tgz 0ms (cache hit)
812 http cache fdir@https://registry.npmjs.org/fdir/-/fdir-6.5.0.tgz 0ms (cache hit)
813 http cache ajv-keywords@https://registry.npmjs.org/ajv-keywords/-/ajv-keywords-5.1.0.tgz 0ms (cache hit)
814 http cache supports-color@https://registry.npmjs.org/supports-color/-/supports-color-8.1.1.tgz 0ms (cache hit)
815 http cache debug@https://registry.npmjs.org/debug/-/debug-3.2.7.tgz 0ms (cache hit)
816 http cache glob-parent@https://registry.npmjs.org/glob-parent/-/glob-parent-5.1.2.tgz 0ms (cache hit)
817 http cache semver@https://registry.npmjs.org/semver/-/semver-7.8.0.tgz 0ms (cache hit)
818 http cache debug@https://registry.npmjs.org/debug/-/debug-3.2.7.tgz 0ms (cache hit)
819 http cache debug@https://registry.npmjs.org/debug/-/debug-3.2.7.tgz 0ms (cache hit)
820 warn deprecated @esbuild-kit/esm-loader@2.6.5: Merged into tsx: https://tsx.is
821 warn deprecated @esbuild-kit/core-utils@3.3.2: Merged into tsx: https://tsx.is
822 warn cleanup Failed to remove some directories [
822 warn cleanup   [
822 warn cleanup     'D:\\Project\\manychatbot-ai-platform\\node_modules\\.lightningcss-win32-x64-msvc-goYQDBHP',
822 warn cleanup     [Error: EPERM: operation not permitted, unlink 'D:\Project\manychatbot-ai-platform\node_modules\.lightningcss-win32-x64-msvc-goYQDBHP\lightningcss.win32-x64-msvc.node'] {
822 warn cleanup       errno: -4048,
822 warn cleanup       code: 'EPERM',
822 warn cleanup       syscall: 'unlink',
822 warn cleanup       path: 'D:\\Project\\manychatbot-ai-platform\\node_modules\\.lightningcss-win32-x64-msvc-goYQDBHP\\lightningcss.win32-x64-msvc.node'
822 warn cleanup     }
822 warn cleanup   ],
822 warn cleanup   [
822 warn cleanup     'D:\\Project\\manychatbot-ai-platform\\node_modules\\@rolldown\\.binding-win32-x64-msvc-MLf84OnL',
822 warn cleanup     [Error: EPERM: operation not permitted, unlink 'D:\Project\manychatbot-ai-platform\node_modules\@rolldown\.binding-win32-x64-msvc-MLf84OnL\rolldown-binding.win32-x64-msvc.node'] {
822 warn cleanup       errno: -4048,
822 warn cleanup       code: 'EPERM',
822 warn cleanup       syscall: 'unlink',
822 warn cleanup       path: 'D:\\Project\\manychatbot-ai-platform\\node_modules\\@rolldown\\.binding-win32-x64-msvc-MLf84OnL\\rolldown-binding.win32-x64-msvc.node'
822 warn cleanup     }
822 warn cleanup   ],
822 warn cleanup   [
822 warn cleanup     'D:\\Project\\manychatbot-ai-platform\\node_modules\\@tailwindcss\\.oxide-win32-x64-msvc-fa8Bc32O',
822 warn cleanup     [Error: EPERM: operation not permitted, unlink 'D:\Project\manychatbot-ai-platform\node_modules\@tailwindcss\.oxide-win32-x64-msvc-fa8Bc32O\tailwindcss-oxide.win32-x64-msvc.node'] {
822 warn cleanup       errno: -4048,
822 warn cleanup       code: 'EPERM',
822 warn cleanup       syscall: 'unlink',
822 warn cleanup       path: 'D:\\Project\\manychatbot-ai-platform\\node_modules\\@tailwindcss\\.oxide-win32-x64-msvc-fa8Bc32O\\tailwindcss-oxide.win32-x64-msvc.node'
822 warn cleanup     }
822 warn cleanup   ]
822 warn cleanup ]
823 silly ADD node_modules/zod-validation-error
824 silly ADD node_modules/zod
825 silly ADD node_modules/yocto-queue
826 silly ADD node_modules/yallist
827 silly ADD node_modules/word-wrap
828 silly ADD node_modules/which-typed-array
829 silly ADD node_modules/which-collection
830 silly ADD node_modules/which-builtin-type
831 silly ADD node_modules/which-boxed-primitive
832 silly ADD node_modules/which
833 silly ADD node_modules/watchpack
834 silly ADD node_modules/vitefu
835 silly ADD node_modules/vite-tsconfig-paths
836 silly ADD node_modules/vite-plugin-commonjs
837 silly ADD node_modules/vite
838 silly ADD node_modules/vite/node_modules/picomatch
839 silly ADD node_modules/vite/node_modules/lightningcss-win32-x64-msvc
840 silly ADD node_modules/vite/node_modules/lightningcss
841 silly ADD node_modules/vinext
842 silly ADD node_modules/vaul
843 silly ADD node_modules/update-browserslist-db
844 silly ADD node_modules/unrs-resolver
845 silly ADD node_modules/unicode-trie
846 silly ADD node_modules/undici-types
847 silly ADD node_modules/unbox-primitive
848 silly ADD node_modules/typescript-eslint
849 silly ADD node_modules/typescript
850 silly ADD node_modules/typed-array-length
851 silly ADD node_modules/typed-array-byte-offset
852 silly ADD node_modules/typed-array-byte-length
853 silly ADD node_modules/typed-array-buffer
854 silly ADD node_modules/type-check
855 silly ADD node_modules/tw-animate-css
856 silly ADD node_modules/turbo-stream
857 silly ADD node_modules/tslib
858 silly ADD node_modules/tsconfck
859 silly ADD node_modules/ts-api-utils
860 silly ADD node_modules/to-regex-range
861 silly ADD node_modules/tiny-inflate
862 silly ADD node_modules/terser-webpack-plugin
863 silly ADD node_modules/tapable
864 silly ADD node_modules/tailwindcss
865 silly ADD node_modules/tailwind-merge
866 silly ADD node_modules/supports-preserve-symlinks-flag
867 silly ADD node_modules/supports-color
868 silly ADD node_modules/strip-json-comments
869 silly ADD node_modules/strip-bom
870 silly ADD node_modules/string.prototype.trimstart
871 silly ADD node_modules/string.prototype.trimend
872 silly ADD node_modules/string.prototype.trim
873 silly ADD node_modules/string.prototype.repeat
874 silly ADD node_modules/string.prototype.matchall
875 silly ADD node_modules/string.prototype.codepointat
876 silly ADD node_modules/stop-iteration-iterator
877 silly ADD node_modules/stable-hash
878 silly ADD node_modules/source-map-support
879 silly ADD node_modules/source-map-js
880 silly ADD node_modules/source-map
881 silly ADD node_modules/sonner
882 silly ADD node_modules/side-channel-weakmap
883 silly ADD node_modules/side-channel-map
884 silly ADD node_modules/side-channel-list
885 silly ADD node_modules/side-channel
886 silly ADD node_modules/shebang-regex
887 silly ADD node_modules/shebang-command
888 silly ADD node_modules/set-proto
889 silly ADD node_modules/set-function-name
890 silly ADD node_modules/set-function-length
891 silly ADD node_modules/semver
892 silly ADD node_modules/scheduler
893 silly ADD node_modules/satori
894 silly ADD node_modules/safe-regex-test
895 silly ADD node_modules/safe-push-apply
896 silly ADD node_modules/safe-array-concat
897 silly ADD node_modules/run-parallel
898 silly ADD node_modules/resolve-pkg-maps
899 silly ADD node_modules/resolve-from
900 silly ADD node_modules/require-from-string
901 silly ADD node_modules/regexp.prototype.flags
902 silly ADD node_modules/reflect.getprototypeof
903 silly ADD node_modules/recharts
904 silly ADD node_modules/recharts/node_modules/reselect
905 silly ADD node_modules/react-server-dom-webpack
906 silly ADD node_modules/react-resizable-panels
907 silly ADD node_modules/react-is
908 silly ADD node_modules/react-hook-form
909 silly ADD node_modules/react-dom
910 silly ADD node_modules/react-day-picker
911 silly ADD node_modules/react
912 silly ADD node_modules/radix-ui
913 silly ADD node_modules/radix-ui/node_modules/@radix-ui/react-slot
914 silly ADD node_modules/radix-ui/node_modules/@radix-ui/react-compose-refs
915 silly ADD node_modules/queue-microtask
916 silly ADD node_modules/punycode
917 silly ADD node_modules/prop-types
918 silly ADD node_modules/prelude-ls
919 silly ADD node_modules/postgres
920 silly ADD node_modules/postcss-value-parser
921 silly ADD node_modules/postcss
922 silly ADD node_modules/possible-typed-array-names
923 silly ADD node_modules/picomatch
924 silly ADD node_modules/picocolors
925 silly ADD node_modules/pdfjs-dist
926 silly ADD node_modules/path-parse
927 silly ADD node_modules/path-key
928 silly ADD node_modules/path-exists
929 silly ADD node_modules/parse-css-color
930 silly ADD node_modules/parent-module
931 silly ADD node_modules/p-locate
932 silly ADD node_modules/p-limit
933 silly ADD node_modules/own-keys
934 silly ADD node_modules/optionator
935 silly ADD node_modules/object.values
936 silly ADD node_modules/object.groupby
937 silly ADD node_modules/object.fromentries
938 silly ADD node_modules/object.entries
939 silly ADD node_modules/object.assign
940 silly ADD node_modules/object-keys
941 silly ADD node_modules/object-assign
942 silly ADD node_modules/node-exports-info
943 silly ADD node_modules/next-themes
944 silly ADD node_modules/next
945 silly ADD node_modules/next/node_modules/postcss
946 silly ADD node_modules/neo-async
947 silly ADD node_modules/natural-compare
948 silly ADD node_modules/napi-postinstall
949 silly ADD node_modules/nanoid
950 silly ADD node_modules/ms
951 silly ADD node_modules/minimist
952 silly ADD node_modules/minimatch
953 silly ADD node_modules/mime-db
954 silly ADD node_modules/micromatch
955 silly ADD node_modules/merge2
956 silly ADD node_modules/merge-stream
957 silly ADD node_modules/math-intrinsics
958 silly ADD node_modules/magic-string
959 silly ADD node_modules/lucide-react
960 silly ADD node_modules/lru-cache
961 silly ADD node_modules/loose-envify
962 silly ADD node_modules/lodash.merge
963 silly ADD node_modules/locate-path
964 silly ADD node_modules/loader-runner
965 silly ADD node_modules/linebreak
966 silly ADD node_modules/lightningcss
967 silly ADD node_modules/levn
968 silly ADD node_modules/language-tags
969 silly ADD node_modules/keyv
970 silly ADD node_modules/json5
971 silly ADD node_modules/json-stable-stringify-without-jsonify
972 silly ADD node_modules/json-buffer
973 silly ADD node_modules/jsesc
974 silly ADD node_modules/js-tokens
975 silly ADD node_modules/jiti
976 silly ADD node_modules/iterator.prototype
977 silly ADD node_modules/isexe
978 silly ADD node_modules/isarray
979 silly ADD node_modules/is-weakset
980 silly ADD node_modules/is-weakref
981 silly ADD node_modules/is-weakmap
982 silly ADD node_modules/is-typed-array
983 silly ADD node_modules/is-symbol
984 silly ADD node_modules/is-string
985 silly ADD node_modules/is-shared-array-buffer
986 silly ADD node_modules/is-set
987 silly ADD node_modules/is-regex
988 silly ADD node_modules/is-number-object
989 silly ADD node_modules/is-number
990 silly ADD node_modules/is-negative-zero
991 silly ADD node_modules/is-map
992 silly ADD node_modules/is-glob
993 silly ADD node_modules/is-generator-function
994 silly ADD node_modules/is-finalizationregistry
995 silly ADD node_modules/is-extglob
996 silly ADD node_modules/is-date-object
997 silly ADD node_modules/is-data-view
998 silly ADD node_modules/is-core-module
999 silly ADD node_modules/is-callable
1000 silly ADD node_modules/is-boolean-object
1001 silly ADD node_modules/is-bigint
1002 silly ADD node_modules/is-async-function
1003 silly ADD node_modules/is-array-buffer
1004 silly ADD node_modules/ipaddr.js
1005 silly ADD node_modules/internmap
1006 silly ADD node_modules/internal-slot
1007 silly ADD node_modules/input-otp
1008 silly ADD node_modules/imurmurhash
1009 silly ADD node_modules/import-fresh
1010 silly ADD node_modules/ignore
1011 silly ADD node_modules/hex-rgb
1012 silly ADD node_modules/hasown
1013 silly ADD node_modules/has-proto
1014 silly ADD node_modules/has-property-descriptors
1015 silly ADD node_modules/has-flag
1016 silly ADD node_modules/has-bigints
1017 silly ADD node_modules/graceful-fs
1018 silly ADD node_modules/gopd
1019 silly ADD node_modules/globrex
1020 silly ADD node_modules/globalthis
1021 silly ADD node_modules/globals
1022 silly ADD node_modules/glob-to-regexp
1023 silly ADD node_modules/glob-parent
1024 silly ADD node_modules/get-tsconfig
1025 silly ADD node_modules/get-symbol-description
1026 silly ADD node_modules/get-proto
1027 silly ADD node_modules/get-intrinsic
1028 silly ADD node_modules/gensync
1029 silly ADD node_modules/generator-function
1030 silly ADD node_modules/functions-have-names
1031 silly ADD node_modules/function.prototype.name
1032 silly ADD node_modules/function-bind
1033 silly ADD node_modules/for-each
1034 silly ADD node_modules/flat-cache
1035 silly ADD node_modules/find-up
1036 silly ADD node_modules/fill-range
1037 silly ADD node_modules/file-entry-cache
1038 silly ADD node_modules/fflate
1039 silly ADD node_modules/fastq
1040 silly ADD node_modules/fast-levenshtein
1041 silly ADD node_modules/fast-json-stable-stringify
1042 silly ADD node_modules/fast-deep-equal
1043 silly ADD node_modules/events
1044 silly ADD node_modules/eventemitter3
1045 silly ADD node_modules/esutils
1046 silly ADD node_modules/estree-walker
1047 silly ADD node_modules/estraverse
1048 silly ADD node_modules/esrecurse
1049 silly ADD node_modules/esquery
1050 silly ADD node_modules/espree
1051 silly ADD node_modules/eslint-visitor-keys
1052 silly ADD node_modules/eslint-scope
1053 silly ADD node_modules/eslint-plugin-react-hooks
1054 silly ADD node_modules/eslint-import-resolver-typescript
1055 silly ADD node_modules/eslint-config-next
1056 silly ADD node_modules/eslint-config-next/node_modules/globals
1057 silly ADD node_modules/eslint
1058 silly ADD node_modules/eslint/node_modules/json-schema-traverse
1059 silly ADD node_modules/eslint/node_modules/ajv
1060 silly ADD node_modules/escape-string-regexp
1061 silly ADD node_modules/escape-html
1062 silly ADD node_modules/escalade
1063 silly ADD node_modules/esbuild
1064 silly ADD node_modules/es-to-primitive
1065 silly ADD node_modules/es-shim-unscopables
1066 silly ADD node_modules/es-set-tostringtag
1067 silly ADD node_modules/es-object-atoms
1068 silly ADD node_modules/es-module-lexer
1069 silly ADD node_modules/es-errors
1070 silly ADD node_modules/es-define-property
1071 silly ADD node_modules/emoji-regex-xs
1072 silly ADD node_modules/emoji-regex
1073 silly ADD node_modules/embla-carousel-react
1074 silly ADD node_modules/electron-to-chromium
1075 silly ADD node_modules/dunder-proto
1076 silly ADD node_modules/drizzle-orm
1077 silly ADD node_modules/drizzle-kit
1078 silly ADD node_modules/drizzle-kit/node_modules/esbuild
1079 silly ADD node_modules/drizzle-kit/node_modules/@esbuild/win32-x64
1080 silly ADD node_modules/doctrine
1081 silly ADD node_modules/detect-node-es
1082 silly ADD node_modules/detect-libc
1083 silly ADD node_modules/define-properties
1084 silly ADD node_modules/define-data-property
1085 silly ADD node_modules/deep-is
1086 silly ADD node_modules/decimal.js-light
1087 silly ADD node_modules/debug
1088 silly ADD node_modules/date-fns
1089 silly ADD node_modules/data-view-byte-offset
1090 silly ADD node_modules/data-view-byte-length
1091 silly ADD node_modules/data-view-buffer
1092 silly ADD node_modules/damerau-levenshtein
1093 silly ADD node_modules/d3-timer
1094 silly ADD node_modules/d3-time-format
1095 silly ADD node_modules/d3-time
1096 silly ADD node_modules/d3-scale
1097 silly ADD node_modules/d3-path
1098 silly ADD node_modules/d3-format
1099 silly ADD node_modules/d3-ease
1100 silly ADD node_modules/d3-color
1101 silly ADD node_modules/csstype
1102 silly ADD node_modules/css-gradient-parser
1103 silly ADD node_modules/css-color-keywords
1104 silly ADD node_modules/css-box-shadow
1105 silly ADD node_modules/css-background-parser
1106 silly ADD node_modules/convert-source-map
1107 silly ADD node_modules/concat-map
1108 silly ADD node_modules/commander
1109 silly ADD node_modules/color-name
1110 silly ADD node_modules/color-convert
1111 silly ADD node_modules/cmdk
1112 silly ADD node_modules/clsx
1113 silly ADD node_modules/client-only
1114 silly ADD node_modules/class-variance-authority
1115 silly ADD node_modules/chrome-trace-event
1116 silly ADD node_modules/chalk
1117 silly ADD node_modules/camelize
1118 silly ADD node_modules/callsites
1119 silly ADD node_modules/call-bound
1120 silly ADD node_modules/call-bind-apply-helpers
1121 silly ADD node_modules/call-bind
1122 silly ADD node_modules/buffer-from
1123 silly ADD node_modules/browserslist
1124 silly ADD node_modules/braces
1125 silly ADD node_modules/brace-expansion
1126 silly ADD node_modules/bowser
1127 silly ADD node_modules/baseline-browser-mapping
1128 silly ADD node_modules/base64-js
1129 silly ADD node_modules/balanced-match
1130 silly ADD node_modules/axe-core
1131 silly ADD node_modules/available-typed-arrays
1132 silly ADD node_modules/async-function
1133 silly ADD node_modules/ast-types-flow
1134 silly ADD node_modules/arraybuffer.prototype.slice
1135 silly ADD node_modules/array.prototype.tosorted
1136 silly ADD node_modules/array.prototype.flatmap
1137 silly ADD node_modules/array.prototype.flat
1138 silly ADD node_modules/array.prototype.findlastindex
1139 silly ADD node_modules/array.prototype.findlast
1140 silly ADD node_modules/array-includes
1141 silly ADD node_modules/array-buffer-byte-length
1142 silly ADD node_modules/argparse
1143 silly ADD node_modules/ansi-styles
1144 silly ADD node_modules/ajv-formats
1145 silly ADD node_modules/acorn-loose
1146 silly ADD node_modules/acorn-jsx
1147 silly ADD node_modules/acorn-import-phases
1148 silly ADD node_modules/acorn
1149 silly ADD node_modules/@xtuc/long
1150 silly ADD node_modules/@xtuc/ieee754
1151 silly ADD node_modules/@webassemblyjs/wast-printer
1152 silly ADD node_modules/@webassemblyjs/wasm-opt
1153 silly ADD node_modules/@webassemblyjs/wasm-edit
1154 silly ADD node_modules/@webassemblyjs/utf8
1155 silly ADD node_modules/@webassemblyjs/leb128
1156 silly ADD node_modules/@webassemblyjs/ieee754
1157 silly ADD node_modules/@webassemblyjs/helper-wasm-section
1158 silly ADD node_modules/@webassemblyjs/helper-wasm-bytecode
1159 silly ADD node_modules/@webassemblyjs/helper-numbers
1160 silly ADD node_modules/@webassemblyjs/helper-buffer
1161 silly ADD node_modules/@webassemblyjs/helper-api-error
1162 silly ADD node_modules/@webassemblyjs/floating-point-hex-parser
1163 silly ADD node_modules/@vitejs/plugin-rsc
1164 silly ADD node_modules/@vitejs/plugin-rsc/node_modules/@rolldown/pluginutils
1165 silly ADD node_modules/@vitejs/plugin-react
1166 silly ADD node_modules/@vercel/og
1167 silly ADD node_modules/@unrs/resolver-binding-win32-x64-msvc
1168 silly ADD node_modules/@unpic/core
1169 silly ADD node_modules/@typescript-eslint/tsconfig-utils
1170 silly ADD node_modules/@typescript-eslint/project-service
1171 silly ADD node_modules/@typescript-eslint/parser
1172 silly ADD node_modules/@types/use-sync-external-store
1173 silly ADD node_modules/@types/react-dom
1174 silly ADD node_modules/@types/react
1175 silly ADD node_modules/@types/node
1176 silly ADD node_modules/@types/json5
1177 silly ADD node_modules/@types/json-schema
1178 silly ADD node_modules/@types/estree
1179 silly ADD node_modules/@types/eslint-scope
1180 silly ADD node_modules/@types/eslint
1181 silly ADD node_modules/@types/d3-timer
1182 silly ADD node_modules/@types/d3-time
1183 silly ADD node_modules/@types/d3-shape
1184 silly ADD node_modules/@types/d3-scale
1185 silly ADD node_modules/@types/d3-path
1186 silly ADD node_modules/@types/d3-interpolate
1187 silly ADD node_modules/@types/d3-ease
1188 silly ADD node_modules/@types/d3-color
1189 silly ADD node_modules/@types/d3-array
1190 silly ADD node_modules/@tailwindcss/postcss
1191 silly ADD node_modules/@tailwindcss/oxide
1192 silly ADD node_modules/@tailwindcss/node
1193 silly ADD node_modules/@standard-schema/utils
1194 silly ADD node_modules/@standard-schema/spec
1195 silly ADD node_modules/@shadcn/react
1196 silly ADD node_modules/@rtsao/scc
1197 silly ADD node_modules/@resvg/resvg-wasm
1198 silly ADD node_modules/@radix-ui/rect
1199 silly ADD node_modules/@radix-ui/react-visually-hidden
1200 silly ADD node_modules/@radix-ui/react-use-size
1201 silly ADD node_modules/@radix-ui/react-use-rect
1202 silly ADD node_modules/@radix-ui/react-use-previous
1203 silly ADD node_modules/@radix-ui/react-use-layout-effect
1204 silly ADD node_modules/@radix-ui/react-use-is-hydrated
1205 silly ADD node_modules/@radix-ui/react-use-escape-keydown
1206 silly ADD node_modules/@radix-ui/react-use-effect-event
1207 silly ADD node_modules/@radix-ui/react-use-controllable-state
1208 silly ADD node_modules/@radix-ui/react-use-callback-ref
1209 silly ADD node_modules/@radix-ui/react-toolbar
1210 silly ADD node_modules/@radix-ui/react-toggle-group
1211 silly ADD node_modules/@radix-ui/react-toggle
1212 silly ADD node_modules/@radix-ui/react-tabs
1213 silly ADD node_modules/@radix-ui/react-separator
1214 silly ADD node_modules/@radix-ui/react-progress
1215 silly ADD node_modules/@radix-ui/react-presence
1216 silly ADD node_modules/@radix-ui/react-portal
1217 silly ADD node_modules/@radix-ui/react-label
1218 silly ADD node_modules/@radix-ui/react-id
1219 silly ADD node_modules/@radix-ui/react-focus-guards
1220 silly ADD node_modules/@radix-ui/react-direction
1221 silly ADD node_modules/@radix-ui/react-context-menu
1222 silly ADD node_modules/@radix-ui/react-context
1223 silly ADD node_modules/@radix-ui/react-compose-refs
1224 silly ADD node_modules/@radix-ui/react-avatar
1225 silly ADD node_modules/@radix-ui/react-aspect-ratio
1226 silly ADD node_modules/@radix-ui/react-arrow
1227 silly ADD node_modules/@radix-ui/react-accessible-icon
1228 silly ADD node_modules/@radix-ui/number
1229 silly ADD node_modules/@oxc-project/types
1230 silly ADD node_modules/@nolyfill/is-core-module
1231 silly ADD node_modules/@next/swc-win32-x64-msvc
1232 silly ADD node_modules/@next/env
1233 silly ADD node_modules/@napi-rs/canvas-win32-x64-msvc
1234 silly ADD node_modules/@napi-rs/canvas
1235 silly ADD node_modules/@jridgewell/trace-mapping
1236 silly ADD node_modules/@jridgewell/sourcemap-codec
1237 silly ADD node_modules/@jridgewell/source-map
1238 silly ADD node_modules/@jridgewell/remapping
1239 silly ADD node_modules/@img/sharp-win32-x64
1240 silly ADD node_modules/@img/colour
1241 silly ADD node_modules/@humanwhocodes/retry
1242 silly ADD node_modules/@humanwhocodes/module-importer
1243 silly ADD node_modules/@humanfs/types
1244 silly ADD node_modules/@humanfs/node
1245 silly ADD node_modules/@humanfs/core
1246 silly ADD node_modules/@hookform/resolvers
1247 silly ADD node_modules/@floating-ui/utils
1248 silly ADD node_modules/@floating-ui/react-dom
1249 silly ADD node_modules/@floating-ui/dom
1250 silly ADD node_modules/@floating-ui/core
1251 silly ADD node_modules/@eslint-community/regexpp
1252 silly ADD node_modules/@esbuild/win32-x64
1253 silly ADD node_modules/@esbuild-kit/esm-loader
1254 silly ADD node_modules/@drizzle-team/brocli
1255 silly ADD node_modules/@date-fns/tz
1256 silly ADD node_modules/@base-ui/utils
1257 silly ADD node_modules/@base-ui/react
1258 silly ADD node_modules/@babel/template
1259 silly ADD node_modules/@babel/parser
1260 silly ADD node_modules/@babel/helper-validator-option
1261 silly ADD node_modules/@babel/helper-validator-identifier
1262 silly ADD node_modules/@babel/helper-string-parser
1263 silly ADD node_modules/@babel/helper-module-transforms
1264 silly ADD node_modules/@babel/helper-module-imports
1265 silly ADD node_modules/@babel/helper-globals
1266 silly ADD node_modules/@babel/helper-compilation-targets
1267 silly ADD node_modules/@babel/compat-data
1268 silly ADD node_modules/@babel/code-frame
1269 silly ADD node_modules/@aws/lambda-invoke-store
1270 silly ADD node_modules/@aws-sdk/client-s3
1271 silly ADD node_modules/@alloc/quick-lru
1272 silly CHANGE node_modules/@webassemblyjs/wasm-gen
1273 silly CHANGE node_modules/@webassemblyjs/ast
1274 silly CHANGE node_modules/@webassemblyjs/wasm-parser
1275 silly CHANGE node_modules/@unpic/react
1276 silly CHANGE node_modules/@typescript-eslint/visitor-keys
1277 silly CHANGE node_modules/@typescript-eslint/type-utils
1278 silly CHANGE node_modules/@typescript-eslint/types
1279 silly CHANGE node_modules/@typescript-eslint/typescript-estree
1280 silly CHANGE node_modules/@typescript-eslint/utils
1281 silly CHANGE node_modules/@tailwindcss/oxide-win32-x64-msvc
1282 silly CHANGE node_modules/@typescript-eslint/eslint-plugin
1283 silly CHANGE node_modules/@typescript-eslint/scope-manager
1284 silly CHANGE node_modules/@smithy/credential-provider-imds
1285 silly REMOVE node_modules/@speed-highlight/core
1286 silly CHANGE node_modules/@smithy/signature-v4
1287 silly CHANGE node_modules/@swc/helpers
1288 silly CHANGE node_modules/@smithy/types
1289 silly CHANGE node_modules/@smithy/fetch-http-handler
1290 silly CHANGE node_modules/@smithy/node-http-handler
1291 silly CHANGE node_modules/@reduxjs/toolkit
1292 silly CHANGE node_modules/@smithy/core
1293 silly CHANGE node_modules/@shuding/opentype.js
1294 silly CHANGE node_modules/@radix-ui/react-select
1295 silly CHANGE node_modules/@rolldown/pluginutils
1296 silly CHANGE node_modules/@radix-ui/react-tooltip
1297 silly CHANGE node_modules/@rolldown/binding-win32-x64-msvc
1298 silly CHANGE node_modules/@radix-ui/react-switch
1299 silly CHANGE node_modules/@radix-ui/react-toast
1300 silly CHANGE node_modules/@radix-ui/react-slider
1301 silly CHANGE node_modules/@radix-ui/react-scroll-area
1302 silly CHANGE node_modules/@radix-ui/react-roving-focus
1303 silly CHANGE node_modules/@radix-ui/react-radio-group
1304 silly CHANGE node_modules/@radix-ui/react-navigation-menu
1305 silly CHANGE node_modules/@radix-ui/react-primitive
1306 silly CHANGE node_modules/@radix-ui/react-popper
1307 silly CHANGE node_modules/@radix-ui/react-popover
1308 silly CHANGE node_modules/@radix-ui/react-password-toggle-field
1309 silly CHANGE node_modules/@radix-ui/react-menu
1310 silly CHANGE node_modules/@radix-ui/react-one-time-password-field
1311 silly CHANGE node_modules/@radix-ui/react-menubar
1312 silly CHANGE node_modules/@radix-ui/react-hover-card
1313 silly CHANGE node_modules/@radix-ui/react-form
1314 silly CHANGE node_modules/@radix-ui/react-focus-scope
1315 silly CHANGE node_modules/@radix-ui/react-dropdown-menu
1316 silly CHANGE node_modules/@radix-ui/react-dismissable-layer
1317 silly CHANGE node_modules/@radix-ui/react-dialog
1318 silly CHANGE node_modules/@radix-ui/react-collection
1319 silly CHANGE node_modules/@radix-ui/react-collapsible
1320 silly CHANGE node_modules/@radix-ui/react-checkbox
1321 silly CHANGE node_modules/@radix-ui/react-alert-dialog
1322 silly CHANGE node_modules/@radix-ui/react-accordion
1323 silly CHANGE node_modules/@radix-ui/primitive
1324 silly REMOVE node_modules/@poppinss/exception
1325 silly REMOVE node_modules/@poppinss/dumper
1326 silly REMOVE node_modules/@poppinss/dumper/node_modules/supports-color
1327 silly REMOVE node_modules/@poppinss/colors
1328 silly CHANGE node_modules/@nodelib/fs.walk
1329 silly CHANGE node_modules/@nodelib/fs.stat
1330 silly CHANGE node_modules/@nodelib/fs.scandir
1331 silly CHANGE node_modules/@next/eslint-plugin-next
1332 silly CHANGE node_modules/@eslint-community/eslint-utils
1333 silly CHANGE node_modules/@jridgewell/resolve-uri
1334 silly CHANGE node_modules/@jridgewell/gen-mapping
1335 silly CHANGE node_modules/@eslint/plugin-kit
1336 silly CHANGE node_modules/@eslint/object-schema
1337 silly CHANGE node_modules/@eslint/js
1338 silly CHANGE node_modules/@eslint/eslintrc
1339 silly CHANGE node_modules/@eslint/core
1340 silly CHANGE node_modules/@eslint/config-helpers
1341 silly CHANGE node_modules/@eslint/config-array
1342 silly CHANGE node_modules/@esbuild-kit/core-utils
1343 silly REMOVE node_modules/@cspotcode/source-map-support
1344 silly REMOVE node_modules/@cspotcode/source-map-support/node_modules/@jridgewell/trace-mapping
1345 silly REMOVE node_modules/@cloudflare/vite-plugin
1346 silly REMOVE node_modules/@cloudflare/unenv-preset
1347 silly CHANGE node_modules/@babel/types
1348 silly CHANGE node_modules/@babel/traverse
1349 silly CHANGE node_modules/@babel/runtime
1350 silly CHANGE node_modules/@babel/helpers
1351 silly CHANGE node_modules/@babel/generator
1352 silly CHANGE node_modules/@babel/core
1353 silly CHANGE node_modules/@aws-sdk/xml-builder
1354 silly CHANGE node_modules/@aws-sdk/nested-clients
1355 silly CHANGE node_modules/@aws-sdk/types
1356 silly CHANGE node_modules/@aws-sdk/token-providers
1357 silly CHANGE node_modules/@aws-sdk/signature-v4-multi-region
1358 silly CHANGE node_modules/@aws-sdk/credential-provider-web-identity
1359 silly CHANGE node_modules/@aws-sdk/middleware-sdk-s3
1360 silly CHANGE node_modules/@aws-sdk/credential-provider-sso
1361 silly CHANGE node_modules/@aws-sdk/credential-provider-env
1362 silly CHANGE node_modules/@aws-sdk/credential-provider-node
1363 silly CHANGE node_modules/@aws-sdk/credential-provider-process
1364 silly CHANGE node_modules/@aws-sdk/credential-provider-login
1365 silly CHANGE node_modules/@aws-sdk/credential-provider-http
1366 silly CHANGE node_modules/@aws-sdk/credential-provider-ini
1367 silly CHANGE node_modules/@aws-sdk/core
1368 silly CHANGE node_modules/@aws-sdk/checksums
1369 silly REMOVE node_modules/youch-core
1370 silly REMOVE node_modules/wrangler
1371 silly REMOVE node_modules/wrangler/node_modules/@esbuild/win32-x64
1372 silly REMOVE node_modules/wrangler/node_modules/esbuild
1373 silly REMOVE node_modules/youch
1374 silly CHANGE node_modules/yoga-layout
1375 silly CHANGE node_modules/webpack
1376 silly ADD node_modules/webpack/node_modules/estraverse
1377 silly CHANGE node_modules/webpack/node_modules/eslint-scope
1378 silly CHANGE node_modules/web-vitals
1379 silly CHANGE node_modules/webpack-sources
1380 silly CHANGE node_modules/use-sync-external-store
1381 silly CHANGE node_modules/vite-plugin-dynamic-import
1382 silly ADD node_modules/vite-plugin-dynamic-import/node_modules/glob-parent
1383 silly CHANGE node_modules/vite-plugin-dynamic-import/node_modules/fast-glob
1384 silly CHANGE node_modules/vite-plugin-dynamic-import/node_modules/es-module-lexer
1385 silly CHANGE node_modules/use-sidecar
1386 silly CHANGE node_modules/victory-vendor
1387 silly CHANGE node_modules/use-callback-ref
1388 silly REMOVE node_modules/unenv
1389 silly CHANGE node_modules/uri-js
1390 silly CHANGE node_modules/unpic
1391 silly CHANGE node_modules/tiny-invariant
1392 silly CHANGE node_modules/tsx
1393 silly REMOVE node_modules/undici
1394 silly CHANGE node_modules/terser
1395 silly CHANGE node_modules/tinyglobby
1396 silly CHANGE node_modules/tinyglobby/node_modules/picomatch
1397 silly CHANGE node_modules/tinyglobby/node_modules/fdir
1398 silly CHANGE node_modules/tsconfig-paths
1399 silly CHANGE node_modules/tsconfig-paths/node_modules/json5
1400 silly CHANGE node_modules/styled-jsx
1401 silly CHANGE node_modules/strip-literal
1402 silly ADD node_modules/strip-literal/node_modules/js-tokens
1403 silly CHANGE node_modules/string.prototype.includes
1404 silly CHANGE node_modules/react-style-singleton
1405 silly CHANGE node_modules/srvx
1406 silly CHANGE node_modules/sharp
1407 silly CHANGE node_modules/sharp/node_modules/semver
1408 silly CHANGE node_modules/schema-utils
1409 silly CHANGE node_modules/schema-utils/node_modules/ajv-keywords
1410 silly CHANGE node_modules/reusify
1411 silly CHANGE node_modules/rolldown
1412 silly CHANGE node_modules/redux-thunk
1413 silly CHANGE node_modules/resolve
1414 silly CHANGE node_modules/reselect
1415 silly CHANGE node_modules/react-remove-scroll-bar
1416 silly CHANGE node_modules/redux
1417 silly CHANGE node_modules/react-redux
1418 silly CHANGE node_modules/react-remove-scroll
1419 silly CHANGE node_modules/object-inspect
1420 silly REMOVE node_modules/pathe
1421 silly CHANGE node_modules/node-releases
1422 silly CHANGE node_modules/pako
1423 silly REMOVE node_modules/miniflare
1424 silly CHANGE node_modules/lightningcss-win32-x64-msvc
1425 silly CHANGE node_modules/language-subtag-registry
1426 silly CHANGE node_modules/jsx-ast-utils
1427 silly CHANGE node_modules/jest-worker
1428 silly ADD node_modules/jest-worker/node_modules/supports-color
1429 silly CHANGE node_modules/js-yaml
1430 silly CHANGE node_modules/json-schema-traverse
1431 silly CHANGE node_modules/is-bun-module
1432 silly CHANGE node_modules/is-bun-module/node_modules/semver
1433 silly CHANGE node_modules/immer
1434 silly CHANGE node_modules/hermes-parser
1435 silly CHANGE node_modules/image-size
1436 silly CHANGE node_modules/hermes-estree
1437 silly CHANGE node_modules/has-tostringtag
1438 silly CHANGE node_modules/get-nonce
1439 silly CHANGE node_modules/has-symbols
1440 silly CHANGE node_modules/flatted
1441 silly CHANGE node_modules/fast-uri
1442 silly CHANGE node_modules/fast-glob
1443 silly ADD node_modules/fast-glob/node_modules/glob-parent
1444 silly CHANGE node_modules/eslint-module-utils
1445 silly CHANGE node_modules/eslint-module-utils/node_modules/debug
1446 silly CHANGE node_modules/eslint-plugin-import
1447 silly CHANGE node_modules/eslint-plugin-import/node_modules/debug
1448 silly CHANGE node_modules/eslint-plugin-jsx-a11y
1449 silly CHANGE node_modules/eslint-plugin-react
1450 silly CHANGE node_modules/eslint-import-resolver-node
1451 silly CHANGE node_modules/eslint-import-resolver-node/node_modules/debug
1452 silly CHANGE node_modules/d3-interpolate
1453 silly CHANGE node_modules/es-iterator-helpers
1454 silly CHANGE node_modules/embla-carousel-reactive-utils
1455 silly CHANGE node_modules/es-toolkit
1456 silly CHANGE node_modules/es-abstract
1457 silly CHANGE node_modules/enhanced-resolve
1458 silly CHANGE node_modules/embla-carousel
1459 silly CHANGE node_modules/d3-shape
1460 silly CHANGE node_modules/css-to-react-native
1461 silly CHANGE node_modules/cross-spawn
1462 silly CHANGE node_modules/d3-array
1463 silly REMOVE node_modules/cross-env
1464 silly REMOVE node_modules/blake3-wasm
1465 silly CHANGE node_modules/caniuse-lite
1466 silly CHANGE node_modules/axobject-query
1467 silly CHANGE node_modules/aria-query
1468 silly CHANGE node_modules/aria-hidden
1469 silly CHANGE node_modules/ajv
1470 verbose cwd D:\Project\manychatbot-ai-platform
1471 verbose os Windows_NT 10.0.26200
1472 verbose node v26.2.0
1473 verbose npm  v11.13.0
1474 verbose exit 0
1475 info ok
